wall_clock_ms,lf_A,rf_A,lb_A,rb_A,frontIntake_A,backIntake_A,lShooter_A,rShooter_A,motor_total_A,controlHub_A,expansionHub_A,hub_total_A,floodgate_A
1780271570936,0.000,0.000,0.003,0.003,0.000,0.000,0.003,0.000,0.009,0.105,0.000,0.105,0.703
1780271571063,0.000,0.003,0.000,0.003,0.003,0.000,0.000,0.000,0.009,0.407,0.000,0.407,1.309
1780271571119,0.000,0.003,0.000,0.007,0.000,0.000,0.000,0.000,0.010,0.187,0.000,0.187,0.970
1780271571173,0.000,0.000,0.000,0.003,0.000,0.000,0.003,0.003,0.009,0.463,0.000,0.463,1.309
1780271571232,0.003,0.000,0.003,0.003,0.000,0.000,0.000,0.003,0.012,0.407,0.000,0.407,1.309
1780271571293,0.000,0.000,0.000,0.003,0.000,0.000,0.000,0.003,0.006,0.179,0.000,0.179,0.994
1780271571356,0.000,0.000,0.000,0.003,0.000,0.000,0.003,0.000,0.006,0.227,0.000,0.227,0.727
1780271571438,0.000,0.000,0.000,0.003,0.000,0.000,0.003,0.000,0.006,0.341,0.000,0.341,0.970
1780271571499,0.003,0.000,0.000,0.003,0.000,0.000,0.003,0.003,0.012,0.382,0.000,0.382,0.970
1780271571607,0.003,0.000,0.000,0.003,0.000,0.000,0.003,0.000,0.009,0.211,0.000,0.211,0.824
1780271571663,0.003,0.000,0.003,0.003,0.000,0.000,0.003,0.003,0.015,0.179,0.000,0.179,0.727
1780271571711,0.003,0.000,0.000,0.003,0.000,0.000,0.003,0.000,0.009,0.179,0.000,0.179,0.752
1780271571758,0.000,0.000,0.003,0.003,0.000,0.000,0.003,0.003,0.012,0.179,0.000,0.179,0.824
1780271571814,0.000,0.000,0.000,0.007,0.000,0.000,0.003,0.003,0.013,0.179,0.000,0.179,0.776
1780271571863,0.000,0.000,0.000,0.003,0.000,0.000,0.003,0.003,0.009,0.179,0.000,0.179,0.824
1780271571948,0.000,0.000,0.000,0.003,0.000,0.000,0.003,0.000,0.006,0.179,0.000,0.179,0.752
1780271571999,0.000,0.000,0.003,0.003,0.000,0.000,0.003,0.000,0.009,0.179,0.000,0.179,0.776
1780271572049,0.003,0.000,0.000,0.003,0.000,0.000,0.003,0.003,0.012,0.170,0.000,0.170,0.776
1780271572164,0.000,0.000,0.003,0.003,0.000,0.000,0.007,0.000,0.013,0.187,0.000,0.187,0.776
1780271572255,0.000,0.000,0.003,0.003,0.003,0.014,7.107,7.909,15.039,13.398,0.000,13.398,14.352
1780271572337,0.000,0.000,0.000,0.003,0.007,0.014,7.833,8.857,16.714,15.832,0.000,15.832,19.733
1780271572400,0.003,0.000,0.000,0.003,0.003,0.018,7.854,8.802,16.683,15.856,0.000,15.856,18.570
1780271572497,0.000,0.000,0.000,0.003,0.007,0.014,7.665,8.536,16.225,15.555,0.000,15.555,17.309
1780271572573,0.000,0.000,0.000,0.003,0.003,0.014,7.475,8.215,15.710,15.067,0.000,15.067,16.388
1780271572705,0.003,0.000,0.000,0.003,0.007,0.014,6.845,7.938,14.810,14.326,0.000,14.326,14.812
1780271572785,0.000,0.000,0.000,0.003,0.003,0.014,6.586,7.567,14.173,13.724,0.000,13.724,14.642
1780271572865,3.182,2.875,2.351,2.671,0.000,0.010,5.729,6.404,23.222,11.762,0.000,11.762,18.448
1780271572937,4.224,4.107,5.401,4.778,0.003,0.007,4.767,5.194,28.481,9.995,0.000,9.995,21.333
1780271573031,0.287,0.364,0.368,0.415,0.003,0.010,5.853,6.531,13.831,11.811,0.000,11.811,13.212
1780271573345,3.973,4.326,4.596,4.082,0.000,0.007,4.501,4.898,26.383,9.605,0.000,9.605,17.842
1780271573486,1.359,1.057,2.001,2.176,0.007,0.021,9.918,10.909,27.448,18.070,0.000,18.070,25.091
1780271573564,0.087,0.083,0.145,0.185,0.007,0.021,10.730,11.911,23.169,21.277,0.000,21.277,22.036
1780271573628,0.007,0.003,0.010,0.010,0.003,0.014,6.502,7.304,13.853,14.253,0.000,14.253,14.521
1780271573678,0.003,0.003,0.000,0.003,0.003,0.014,6.109,6.870,13.005,12.836,0.000,12.836,13.042
1780271573718,0.007,0.000,0.000,0.003,0.003,0.010,5.963,6.728,12.714,12.421,0.000,12.421,12.824
1780271573774,0.000,0.000,0.000,0.003,0.003,0.010,5.970,6.550,12.536,12.161,0.000,12.161,12.606
1780271573820,0.000,0.000,0.003,0.003,0.003,0.010,5.719,6.462,12.200,11.843,0.000,11.843,12.339
1780271573875,0.000,0.000,0.000,0.003,0.003,0.003,4.479,4.818,9.306,8.270,0.000,8.270,10.667
1780271573941,0.003,0.000,0.000,0.003,0.000,0.003,2.879,3.287,6.175,5.014,0.000,5.014,4.994
1780271574025,0.000,0.003,0.003,0.003,0.000,0.003,0.710,0.721,1.443,1.538,0.000,1.538,2.545
1780271574116,0.000,0.000,0.000,0.003,0.000,0.000,0.153,0.167,0.323,0.415,0.000,0.415,0.945
1780271574165,0.000,0.000,0.000,0.003,0.000,0.000,0.189,0.222,0.414,0.390,0.000,0.390,0.945
1780271574207,0.000,0.000,0.003,0.003,0.000,0.000,1.392,1.534,2.932,1.408,0.000,1.408,1.382
1780271574253,0.000,0.000,0.003,0.003,0.000,0.003,1.906,2.074,3.989,2.214,0.000,2.214,2.788
1780271574293,0.000,0.000,0.000,0.003,0.000,0.003,1.953,2.172,4.131,2.328,0.000,2.328,3.006
1780271574341,0.000,0.000,0.000,0.007,0.000,0.003,2.081,2.321,4.412,2.539,0.000,2.539,2.982
1780271574403,1.115,1.279,0.761,1.006,0.000,0.003,2.026,2.252,8.442,2.523,0.000,2.523,4.242
1780271574477,5.467,5.110,5.427,5.686,0.000,0.000,0.353,0.415,22.458,0.781,0.000,0.781,19.103
1780271574557,3.411,3.553,4.078,4.384,0.000,0.003,1.800,1.851,19.080,2.124,0.000,2.124,15.758
1780271574629,2.730,2.427,2.886,3.127,0.000,0.010,3.065,3.462,17.707,4.647,0.000,4.647,14.788
1780271574670,2.161,1.924,2.726,3.039,0.000,0.003,3.152,3.590,16.595,5.038,0.000,5.038,13.939
1780271574724,1.840,1.939,2.536,2.941,0.000,0.000,1.089,1.392,11.737,2.051,0.000,2.051,11.152
1780271574779,0.462,0.554,0.590,0.885,0.000,0.003,0.754,0.936,4.184,1.180,0.000,1.180,3.782
1780271574834,0.058,0.061,0.061,0.094,0.000,0.000,0.379,0.503,1.156,0.626,0.000,0.626,1.430
1780271574887,0.007,0.007,0.007,0.007,0.000,0.003,1.450,1.713,3.194,1.595,0.000,1.595,1.527
1780271574924,0.003,0.003,0.003,0.003,0.000,0.003,1.935,2.223,4.173,2.393,0.000,2.393,2.691
1780271574972,0.003,0.000,0.003,0.003,0.000,0.003,2.285,2.671,4.968,2.971,0.000,2.971,3.539
1780271575010,0.003,0.000,0.003,0.003,0.000,0.000,1.155,1.421,2.585,1.912,0.000,1.912,2.376
1780271575091,0.000,0.000,0.003,0.003,0.000,0.003,1.851,1.997,3.857,2.018,0.000,2.018,2.303
1780271575155,0.000,0.000,0.000,0.003,0.003,0.003,2.037,2.303,4.349,2.547,0.000,2.547,3.176
1780271575192,0.003,0.003,0.003,0.003,0.000,0.000,0.903,1.133,2.048,1.269,0.000,1.269,2.497
1780271575240,0.000,0.000,0.000,0.003,0.000,0.000,0.196,0.225,0.424,0.553,0.000,0.553,1.042
1780271575291,0.003,0.000,0.000,0.003,0.003,0.003,1.888,2.088,3.988,2.035,0.000,2.035,2.376
1780271575355,0.000,0.000,0.003,0.003,0.000,0.003,2.442,2.803,5.254,3.166,0.000,3.166,3.661
1780271575410,0.000,0.003,0.000,0.003,0.000,0.003,1.027,1.217,2.253,1.676,0.000,1.676,3.709
1780271575466,0.000,0.000,0.003,0.003,0.003,0.003,1.877,2.135,4.024,2.254,0.000,2.254,2.376
1780271575518,0.000,0.000,0.003,0.003,0.000,0.003,2.179,2.402,4.590,2.669,0.000,2.669,3.224
1780271575602,0.000,0.000,0.000,0.003,0.003,0.000,0.936,1.151,2.093,1.473,0.000,1.473,1.915
1780271575670,0.000,0.000,0.007,0.003,0.000,0.000,0.532,0.641,1.183,0.781,0.000,0.781,1.430
1780271575711,0.000,0.000,0.000,0.003,0.000,0.000,0.521,0.619,1.143,0.691,0.000,0.691,1.261
1780271575763,0.000,0.003,0.000,0.003,0.000,0.000,1.851,1.982,3.839,2.148,0.000,2.148,2.327
1780271575803,0.003,0.000,0.000,0.007,0.000,0.003,2.336,2.628,4.977,2.938,0.000,2.938,3.491
1780271575855,0.003,0.000,0.000,0.003,0.000,0.003,2.427,2.733,5.169,3.150,0.000,3.150,3.976
1780271575906,0.003,0.000,0.000,0.003,0.000,0.007,2.299,2.602,4.914,3.085,0.000,3.085,3.709
1780271575943,0.003,0.000,0.000,0.003,0.003,0.003,1.363,1.654,3.029,1.823,0.000,1.823,3.006
1780271575985,0.003,0.000,0.000,0.003,0.000,0.000,0.736,0.823,1.565,1.058,0.000,1.058,1.552
1780271576049,0.000,0.003,0.000,0.003,0.000,0.000,0.652,0.776,1.434,0.830,0.000,0.830,1.358
1780271576135,0.000,0.000,0.000,0.003,0.000,0.003,2.135,2.431,4.572,2.515,0.000,2.515,2.448
1780271576201,0.000,0.000,0.000,0.003,0.000,0.003,2.460,2.799,5.265,3.190,0.000,3.190,3.903
1780271576241,0.003,0.000,0.003,0.003,0.000,0.003,2.402,2.664,5.078,3.182,0.000,3.182,3.903
1780271576285,0.000,0.000,0.000,0.003,0.000,0.003,1.250,1.538,2.794,1.741,0.000,1.741,3.564
1780271576338,0.003,0.000,0.000,0.003,0.000,0.000,0.790,0.929,1.725,1.074,0.000,1.074,1.527
1780271576398,0.000,0.000,0.000,0.003,0.000,0.003,0.667,0.790,1.463,0.870,0.000,0.870,1.479
1780271576435,0.003,0.000,0.000,0.000,0.003,0.003,1.428,1.855,3.292,1.790,0.000,1.790,1.503
1780271576480,0.000,0.000,0.000,0.003,0.000,0.000,0.444,0.568,1.015,1.041,0.000,1.041,2.836
1780271576512,0.503,0.043,0.277,1.173,0.000,0.000,0.087,0.112,2.195,0.390,0.000,0.390,0.630
1780271576558,5.113,4.377,4.392,4.377,0.000,0.000,0.007,0.014,18.280,0.227,0.000,0.227,7.952
1780271576619,4.938,4.738,5.084,5.248,0.000,0.000,0.003,0.003,20.014,0.219,0.000,0.219,18.012
1780271576655,4.191,3.834,4.439,4.625,0.000,0.000,0.003,0.003,17.095,0.227,0.000,0.227,14.764
1780271576700,3.251,3.021,3.717,4.089,0.000,0.000,0.003,0.003,14.084,0.219,0.000,0.219,12.752
1780271576756,2.704,2.566,3.021,3.276,0.000,0.000,0.003,0.003,11.573,0.211,0.000,0.211,10.885
1780271576787,2.365,2.081,2.901,3.138,0.000,0.000,0.003,0.000,10.488,0.203,0.000,0.203,9.285
1780271576830,0.903,1.869,6.207,3.830,0.000,0.003,0.003,0.000,12.815,0.211,0.000,0.211,7.976
1780271576875,0.225,2.074,7.515,3.768,0.000,0.000,0.003,0.000,13.585,0.203,0.000,0.203,7.370
1780271576918,0.145,3.240,4.895,4.031,0.000,0.000,0.003,0.003,12.317,0.195,0.000,0.195,6.497
1780271576957,0.134,3.371,7.716,2.562,0.000,0.000,0.003,0.000,13.786,0.195,0.000,0.195,10.085
1780271577025,2.412,2.722,7.556,0.995,0.000,0.000,0.003,0.003,13.691,0.195,0.000,0.195,10.230
1780271577068,5.259,2.719,6.819,3.120,0.000,0.000,0.003,0.000,17.920,0.195,0.000,0.195,11.273
1780271577130,4.534,0.590,5.868,4.261,0.000,0.000,0.003,0.003,15.259,0.203,0.000,0.203,13.333
1780271577184,5.070,0.273,5.522,1.323,0.000,0.000,0.003,0.003,12.194,0.211,0.000,0.211,10.788
1780271577237,4.275,0.043,4.596,0.083,0.000,0.000,0.000,0.003,9.000,0.203,0.000,0.203,8.242
1780271577274,4.596,0.010,3.830,0.018,0.000,0.000,0.003,0.000,8.457,0.203,0.000,0.203,8.000
1780271577325,3.346,1.837,2.649,2.380,0.000,0.000,0.000,0.003,10.215,0.187,0.000,0.187,7.636
1780271577365,2.919,3.163,1.895,5.715,0.000,0.000,0.000,0.003,13.695,0.195,0.000,0.195,9.018
1780271577412,3.291,1.345,0.426,5.449,0.000,0.000,0.003,0.000,10.514,0.203,0.000,0.203,10.061
1780271577463,3.914,0.543,0.149,4.596,0.000,0.000,0.000,0.000,9.202,0.195,0.000,0.195,8.145
1780271577492,3.557,0.338,0.123,4.990,0.000,0.000,0.003,0.000,9.011,0.195,0.000,0.195,7.952
1780271577545,3.568,0.247,0.109,4.494,0.000,0.000,0.003,0.000,8.421,0.195,0.000,0.195,7.685
1780271577597,3.389,0.207,0.123,4.388,0.000,0.000,0.000,0.000,8.107,0.203,0.000,0.203,7.273
1780271577667,3.254,0.127,0.051,3.747,0.000,0.000,0.003,0.000,7.182,0.195,0.000,0.195,6.788
1780271577703,3.109,1.716,3.911,3.510,0.000,0.003,0.003,0.000,12.252,0.195,0.000,0.195,7.248
1780271577750,1.283,3.214,6.637,2.908,0.000,0.000,0.003,0.003,14.048,0.203,0.000,0.203,8.606
1780271577787,0.448,2.886,6.499,1.643,0.000,0.000,0.003,0.000,11.479,0.203,0.000,0.203,6.982
1780271577827,0.244,2.894,4.224,2.668,0.000,0.003,0.003,0.003,10.039,0.195,0.000,0.195,6.376
1780271577873,0.739,2.668,5.132,2.008,0.000,0.000,0.000,0.000,10.547,0.203,0.000,0.203,6.715
1780271577930,0.674,4.636,5.423,0.568,0.000,0.000,0.000,0.003,11.304,0.195,0.000,0.195,8.800
1780271577965,0.324,4.793,4.687,0.277,0.000,0.000,0.003,0.003,10.087,0.203,0.000,0.203,9.333
1780271578006,0.247,5.077,4.938,0.211,0.000,0.000,0.000,0.000,10.473,0.203,0.000,0.203,8.339
1780271578069,0.903,3.798,4.636,0.812,0.000,0.003,0.000,0.000,10.152,0.203,0.000,0.203,8.800
1780271578120,2.402,2.289,4.589,1.180,0.000,0.000,0.003,0.000,10.463,0.203,0.000,0.203,8.315
1780271578179,3.400,0.346,3.364,0.171,0.000,0.000,0.003,0.000,7.284,0.203,0.000,0.203,6.715
1780271578220,3.280,0.047,2.890,0.029,0.000,0.000,0.003,0.000,6.249,0.203,0.000,0.203,5.842
1780271578265,2.857,0.010,1.928,0.007,0.000,0.000,0.000,0.000,4.802,0.203,0.000,0.203,4.921
1780271578299,2.445,0.003,1.410,0.007,0.000,0.000,0.003,0.000,3.868,0.195,0.000,0.195,3.855
1780271578339,2.642,0.003,1.410,0.003,0.000,0.000,0.003,0.003,4.064,0.195,0.000,0.195,4.073
1780271578380,2.795,0.003,0.951,0.003,0.000,0.003,0.003,0.003,3.761,0.195,0.000,0.195,4.048
1780271578426,2.883,0.003,1.027,0.003,0.000,0.000,0.000,0.000,3.916,0.195,0.000,0.195,3.806
1780271578458,3.138,0.007,0.947,0.003,0.000,0.003,0.003,0.000,4.101,0.195,0.000,0.195,4.242
1780271578501,3.050,0.091,0.798,1.009,0.000,0.000,0.000,0.000,4.948,0.195,0.000,0.195,3.976
1780271578544,2.952,1.968,0.914,4.676,0.000,0.000,0.003,0.003,10.516,0.187,0.000,0.187,7.321
1780271578603,3.152,3.681,0.554,6.214,0.000,0.000,0.003,0.000,13.604,0.187,0.000,0.187,11.588
1780271578659,3.291,2.278,1.694,6.229,0.003,0.000,0.000,0.000,13.495,0.211,0.000,0.211,12.655
1780271578713,3.357,3.156,1.592,5.423,0.000,0.000,0.003,0.000,13.531,0.203,0.000,0.203,10.812
1780271578768,1.982,1.355,1.334,3.608,0.000,0.000,0.003,0.000,8.282,0.203,0.000,0.203,6.618
1780271578807,1.042,0.736,0.411,1.749,0.000,0.003,0.003,0.003,3.947,0.203,0.000,0.203,5.648
1780271578858,0.087,0.069,0.032,0.149,0.000,0.000,0.003,0.003,0.343,0.187,0.000,0.187,0.752
1780271578893,0.018,0.018,0.010,0.036,0.000,0.000,0.000,0.000,0.082,0.187,0.000,0.187,0.752
1780271578933,0.007,0.007,0.003,0.010,0.000,0.000,0.003,0.003,0.033,0.187,0.000,0.187,0.752
1780271578962,0.003,0.003,0.003,0.007,0.000,0.000,0.000,0.003,0.019,0.187,0.000,0.187,0.727
1780271579008,0.007,0.003,0.000,0.007,0.000,0.003,0.000,0.003,0.023,0.179,0.000,0.179,0.727
1780271579040,0.000,0.003,0.003,0.003,0.000,0.000,0.003,0.000,0.012,0.187,0.000,0.187,0.776
1780271579079,0.003,0.003,0.000,0.003,0.000,0.000,0.003,0.003,0.015,0.187,0.000,0.187,0.752
1780271579149,0.003,0.003,0.000,0.003,0.000,0.000,0.003,0.003,0.015,0.179,0.000,0.179,0.727
1780271579215,0.003,0.000,0.003,0.003,0.000,0.003,0.003,0.000,0.015,0.187,0.000,0.187,0.776
1780271579242,0.003,0.000,0.003,0.003,0.000,0.000,0.003,0.000,0.012,0.187,0.000,0.187,0.776
1780271579295,0.003,0.003,0.000,0.003,0.000,0.003,0.003,0.000,0.015,0.187,0.000,0.187,0.752
1780271579334,0.003,0.000,0.003,0.003,0.000,0.000,0.003,0.003,0.015,0.187,0.000,0.187,0.752
1780271579381,0.000,0.000,0.003,0.003,0.000,0.000,0.000,0.000,0.006,0.187,0.000,0.187,0.776
1780271579414,0.003,0.000,0.000,0.000,0.000,0.003,0.003,0.003,0.012,0.187,0.000,0.187,0.752
1780271579450,0.000,0.000,0.000,0.003,0.000,0.000,0.007,0.000,0.010,0.187,0.000,0.187,0.776
1780271579479,0.000,0.000,0.000,0.003,0.000,0.000,0.003,0.000,0.006,0.187,0.000,0.187,0.776
1780271579514,0.003,0.000,0.000,0.007,0.000,0.000,0.003,0.000,0.013,0.179,0.000,0.179,0.776
1780271579550,0.003,0.000,0.003,0.007,0.000,0.000,0.003,0.000,0.016,0.187,0.000,0.187,0.752
1780271579588,0.000,0.000,0.000,0.003,0.000,0.000,0.003,0.000,0.006,0.187,0.000,0.187,0.752
1780271579647,0.000,0.000,0.000,0.003,0.000,0.000,0.003,0.000,0.006,0.187,0.000,0.187,0.727
1780271579684,0.003,0.000,0.000,0.003,0.000,0.000,0.003,0.003,0.012,0.187,0.000,0.187,0.776
1780271579750,0.003,0.000,0.003,0.003,0.000,0.003,0.003,0.000,0.015,0.187,0.000,0.187,0.776
1780271579802,0.000,0.000,0.003,0.003,0.003,0.000,0.007,0.000,0.016,0.179,0.000,0.179,0.752
1780271579839,0.000,0.000,0.000,0.003,0.000,0.000,0.003,0.000,0.006,0.187,0.000,0.187,0.752
1780271579885,0.003,0.000,0.003,0.003,0.000,0.000,0.007,0.003,0.019,0.187,0.000,0.187,0.776
1780271579918,0.003,0.000,0.000,0.003,0.000,0.000,0.003,0.000,0.009,0.187,0.000,0.187,0.752
1780271579955,0.000,0.003,0.000,0.003,0.000,0.000,0.000,0.003,0.009,0.179,0.000,0.179,0.776
1780271579989,0.000,0.003,0.003,0.003,0.003,0.000,0.003,0.000,0.015,0.187,0.000,0.187,0.752
1780271580029,0.000,0.000,0.000,0.000,0.000,0.000,0.000,0.003,0.003,0.187,0.000,0.187,0.752
1780271580060,0.000,0.007,0.000,0.003,0.000,0.000,0.003,0.000,0.013,0.187,0.000,0.187,0.776
1780271580098,0.003,0.000,0.000,0.003,0.000,0.000,0.003,0.003,0.012,0.187,0.000,0.187,0.752
1780271580160,0.003,0.000,0.000,0.003,0.000,0.000,0.003,0.003,0.012,0.187,0.000,0.187,0.776
1780271580192,0.003,0.000,0.003,0.003,0.000,0.000,0.003,0.003,0.015,0.187,0.000,0.187,0.824
1780271580256,0.003,0.003,0.000,0.003,0.000,0.000,0.003,0.000,0.012,0.187,0.000,0.187,0.776
1780271580322,0.295,0.444,0.371,0.262,0.000,0.000,0.003,0.003,1.378,0.187,0.000,0.187,0.897
1780271580359,1.341,1.191,1.115,0.882,0.000,0.000,0.000,0.000,4.529,0.179,0.000,0.179,0.897
1780271580410,3.185,2.934,3.313,2.875,0.000,0.000,0.003,0.000,12.310,0.170,0.000,0.170,4.194
1780271580453,3.681,3.484,4.213,3.922,0.000,0.000,0.003,0.003,15.306,0.195,0.000,0.195,6.521
1780271580491,3.645,3.663,4.231,3.874,0.000,0.000,0.003,0.000,15.416,0.195,0.000,0.195,6.521
1780271580529,3.451,3.517,4.053,3.962,0.000,0.000,0.003,0.003,14.989,0.195,0.000,0.195,6.836
1780271580571,3.484,3.408,4.166,3.860,0.000,0.000,0.003,0.003,14.924,0.195,0.000,0.195,6.570
1780271580609,3.364,3.298,3.732,3.499,0.000,0.000,0.000,0.003,13.896,0.203,0.000,0.203,6.788
1780271580678,3.258,3.054,3.510,3.342,0.000,0.000,0.003,0.003,13.170,0.195,0.000,0.195,6.376
1780271580721,3.065,3.163,3.178,2.967,0.000,0.003,0.000,0.000,12.376,0.195,0.000,0.195,6.036
1780271580781,3.367,3.466,2.839,2.835,0.000,0.000,0.003,0.000,12.510,0.195,0.000,0.195,6.594
1780271580823,3.254,3.258,2.850,2.580,0.000,0.000,0.003,0.003,11.948,0.195,0.000,0.195,6.303
1780271580868,3.025,3.061,2.737,2.861,0.000,0.000,0.003,0.000,11.687,0.195,0.000,0.195,6.109
1780271580901,2.872,2.832,2.970,2.770,0.000,0.003,0.000,0.000,11.447,0.195,0.000,0.195,6.061
1780271580946,2.806,2.722,2.795,2.868,0.000,0.000,0.003,0.000,11.194,0.195,0.000,0.195,5.818
1780271580993,2.759,2.547,2.806,2.999,0.003,0.000,0.003,0.000,11.117,0.195,0.000,0.195,5.818
1780271581029,2.977,2.690,3.054,3.123,0.000,0.000,0.007,0.003,11.854,0.187,0.000,0.187,6.036
1780271581072,3.254,2.868,3.324,3.612,0.000,0.000,0.000,0.000,13.058,0.179,0.000,0.179,7.370
1780271581102,3.167,2.890,3.335,3.863,0.000,0.000,0.003,0.000,13.258,0.187,0.000,0.187,8.000
1780271581143,3.105,2.879,3.171,3.601,0.000,0.003,0.003,0.000,12.762,0.187,0.000,0.187,7.709
1780271581204,3.058,2.766,2.977,3.550,0.000,0.000,0.003,0.000,12.354,0.187,0.000,0.187,7.539
1780271581238,2.839,2.690,3.149,3.316,0.000,0.000,0.003,0.003,12.000,0.187,0.000,0.187,7.394
1780271581307,2.733,2.474,2.810,3.331,0.000,0.000,0.003,0.000,11.351,0.187,0.000,0.187,6.982
1780271581368,2.879,2.325,2.617,3.244,0.000,0.000,0.003,0.000,11.068,0.187,0.000,0.187,6.909
1780271581424,1.304,0.761,1.064,1.811,0.000,0.003,0.003,0.003,4.949,0.195,0.000,0.195,6.667
1780271581469,0.116,0.102,0.207,0.568,0.000,0.000,0.003,0.003,0.999,0.187,0.000,0.187,1.236
1780271581508,0.018,0.014,0.029,0.065,0.000,0.000,0.003,0.000,0.129,0.187,0.000,0.187,0.776
1780271581544,0.007,0.007,0.007,0.010,0.000,0.000,0.003,0.000,0.034,0.179,0.000,0.179,0.752
1780271581576,0.003,0.003,0.003,0.007,0.000,0.000,0.003,0.003,0.022,0.179,0.000,0.179,0.776
1780271581617,0.003,0.003,0.003,0.003,0.000,0.000,0.003,0.000,0.015,0.187,0.000,0.187,0.752
1780271581666,0.003,0.003,0.003,0.007,0.000,0.000,0.003,0.003,0.022,0.187,0.000,0.187,0.752
1780271581727,0.003,0.000,0.003,0.003,0.003,0.000,0.003,0.000,0.015,0.187,0.000,0.187,0.824
1780271581775,2.456,1.964,2.143,2.722,0.000,0.000,0.000,0.000,9.285,0.138,0.000,0.138,0.970
1780271581846,4.024,4.195,5.033,4.497,0.000,0.003,0.000,0.000,17.752,0.146,0.000,0.146,12.824
1780271581903,0.765,0.914,1.020,1.013,0.000,0.000,0.003,0.000,3.715,0.195,0.000,0.195,3.394
1780271581940,0.087,0.105,0.116,0.105,0.000,0.000,0.000,0.003,0.416,0.187,0.000,0.187,0.848
1780271581989,0.010,0.010,0.010,0.010,0.000,0.000,0.000,0.000,0.040,0.187,0.000,0.187,0.752
1780271582022,0.003,0.003,0.007,0.010,0.000,0.003,0.003,0.003,0.032,0.187,0.000,0.187,0.776
1780271582056,0.003,0.000,0.007,0.007,0.000,0.000,0.003,0.000,0.020,0.179,0.000,0.179,0.776
1780271582088,0.003,0.003,0.000,0.010,0.000,0.000,0.003,0.000,0.019,0.187,0.000,0.187,0.776
1780271582130,0.003,0.003,0.003,0.007,0.000,0.003,0.003,0.000,0.022,0.187,0.000,0.187,0.752
1780271582158,0.003,0.000,0.000,0.007,0.000,0.000,0.000,0.003,0.013,0.187,0.000,0.187,0.776
1780271582200,2.004,1.680,1.800,1.585,0.000,0.000,0.003,0.000,7.072,0.179,0.000,0.179,0.679
1780271582262,4.428,4.599,5.394,5.088,0.000,0.000,0.003,0.000,19.512,0.146,0.000,0.146,14.303
1780271582302,2.259,3.043,3.459,2.686,0.003,0.000,0.000,0.003,11.453,0.203,0.000,0.203,9.527
1780271582372,0.098,0.123,0.167,0.182,0.000,0.000,0.007,0.000,0.577,0.187,0.000,0.187,0.970
1780271582436,0.007,0.007,0.007,0.007,0.000,0.000,0.003,0.000,0.031,0.179,0.000,0.179,0.776
1780271582472,0.003,0.003,0.003,0.007,0.000,0.000,0.007,0.000,0.023,0.179,0.000,0.179,0.752
1780271582508,0.003,0.003,0.003,0.007,0.003,0.000,0.003,0.000,0.022,0.187,0.000,0.187,0.776
1780271582536,0.003,0.003,0.003,0.003,0.000,0.003,0.003,0.000,0.018,0.179,0.000,0.179,0.752
1780271582574,0.000,0.000,0.000,0.007,0.000,0.000,0.003,0.003,0.013,0.187,0.000,0.187,0.776
1780271582604,0.003,0.000,0.000,0.003,0.000,0.000,0.003,0.003,0.012,0.179,0.000,0.179,0.776
1780271582638,0.000,0.003,0.000,0.000,0.000,0.003,0.000,0.000,0.006,0.179,0.000,0.179,0.752
1780271582674,0.827,0.284,1.250,1.129,0.000,0.000,0.007,0.003,3.500,0.170,0.000,0.170,0.776
1780271582724,4.439,3.823,4.129,4.330,0.000,0.000,0.003,0.000,16.724,0.130,0.000,0.130,4.606
1780271582782,1.425,1.833,1.738,1.694,0.000,0.000,0.007,0.000,6.697,0.195,0.000,0.195,4.848
1780271582821,0.400,0.616,0.718,0.922,0.000,0.000,0.000,0.000,2.656,0.187,0.000,0.187,1.503
1780271582878,0.021,0.025,0.032,0.036,0.000,0.000,0.003,0.000,0.117,0.179,0.000,0.179,0.848
1780271582923,0.003,0.003,0.003,0.007,0.000,0.000,0.000,0.003,0.019,0.179,0.000,0.179,0.752
1780271582966,0.003,0.003,0.000,0.007,0.003,0.003,0.003,0.003,0.025,0.179,0.000,0.179,0.776
1780271583002,0.003,0.000,0.000,0.003,0.000,0.000,0.003,0.000,0.009,0.179,0.000,0.179,0.752
1780271583036,0.000,0.003,0.000,0.003,0.000,0.000,0.007,0.000,0.013,0.179,0.000,0.179,0.776
1780271583066,0.003,0.000,0.003,0.003,0.000,0.000,0.003,0.003,0.015,0.179,0.000,0.179,0.752
1780271583108,0.287,0.229,0.218,0.204,0.000,0.000,0.003,0.003,0.944,0.179,0.000,0.179,0.752
1780271583145,0.309,0.280,0.244,0.295,0.000,0.007,0.003,0.000,1.138,0.179,0.000,0.179,0.897
1780271583193,0.761,0.630,0.521,0.612,0.000,0.000,0.003,0.000,2.527,0.179,0.000,0.179,0.994
1780271583226,0.954,0.867,0.827,0.845,0.000,0.000,0.000,0.000,3.493,0.179,0.000,0.179,1.309
1780271583264,0.973,0.823,0.882,0.827,0.000,0.000,0.003,0.003,3.511,0.179,0.000,0.179,1.261
1780271583328,0.885,0.863,0.783,0.754,0.000,0.000,0.003,0.000,3.288,0.179,0.000,0.179,1.164
1780271583408,0.780,0.736,0.626,0.670,4.913,4.166,0.003,0.010,11.904,7.757,0.000,7.757,3.636
1780271583467,0.743,0.787,0.634,0.685,4.013,4.071,0.007,0.007,10.947,7.643,0.000,7.643,9.745
1780271583496,0.805,0.714,0.619,0.765,3.320,3.349,0.003,0.003,9.578,6.715,0.000,6.715,7.467
1780271583531,0.845,0.831,0.667,0.736,2.817,2.875,0.003,0.007,8.781,5.860,0.000,5.860,6.982
1780271583568,0.816,0.783,0.710,0.743,2.773,2.744,0.003,0.003,8.575,5.632,0.000,5.632,6.448
1780271583611,0.827,0.772,0.677,0.758,2.573,2.628,0.003,0.007,8.245,5.323,0.000,5.323,6.133
1780271583644,0.823,0.776,0.648,0.696,2.602,2.525,0.003,0.003,8.076,5.201,0.000,5.201,5.988
1780271583687,0.823,0.783,0.619,0.732,2.496,2.664,0.003,0.003,8.123,5.144,0.000,5.144,6.061
1780271583739,0.765,0.765,0.674,0.703,2.522,2.515,0.007,0.003,7.954,5.054,0.000,5.054,5.988
1780271583768,0.798,0.707,0.648,0.776,2.569,2.485,0.003,0.003,7.989,5.087,0.000,5.087,5.770
1780271583805,0.834,0.699,0.685,0.696,2.438,2.624,0.003,0.003,7.982,5.120,0.000,5.120,6.133
1780271583878,0.944,0.944,0.816,0.841,2.507,2.405,0.007,0.003,8.467,4.989,0.000,4.989,5.867
1780271583956,1.104,1.093,0.914,1.031,2.402,2.467,0.003,0.003,9.017,4.949,0.000,4.949,6.061
1780271583998,1.155,1.038,0.896,1.009,2.504,2.409,0.000,0.003,9.014,4.949,0.000,4.949,6.133
1780271584033,1.071,1.035,0.834,0.976,2.412,2.493,0.007,0.007,8.835,4.900,0.000,4.900,6.182
1780271584061,1.057,1.027,0.838,0.954,2.478,2.431,0.007,0.003,8.795,4.932,0.000,4.932,6.061
1780271584107,1.006,0.951,0.831,0.922,2.416,2.464,0.007,0.003,8.600,4.949,0.000,4.949,6.061
1780271584143,0.991,0.900,0.827,0.933,2.500,2.402,0.003,0.007,8.563,4.940,0.000,4.940,6.085
1780271584186,1.035,0.929,0.874,0.940,2.525,2.544,0.003,0.007,8.857,5.014,0.000,5.014,6.133
1780271584241,1.115,0.984,0.896,0.911,2.398,2.449,0.003,0.007,8.763,4.884,0.000,4.884,6.206
1780271584281,1.166,1.173,1.111,1.155,2.478,2.507,0.007,0.003,9.600,4.981,0.000,4.981,6.085
1780271584319,1.512,1.450,1.297,1.312,2.478,2.383,0.007,0.007,10.446,4.908,0.000,4.908,6.521
1780271584381,1.607,1.487,1.326,1.501,2.482,2.372,0.003,0.003,10.781,4.908,0.000,4.908,6.739
1780271584418,1.552,1.472,1.334,1.392,2.321,2.405,0.003,0.007,10.486,4.867,0.000,4.867,6.885
1780271584488,1.458,1.283,1.235,1.268,2.474,2.478,0.003,0.003,10.202,4.981,0.000,4.981,6.764
1780271584530,1.352,1.170,1.064,1.133,2.489,2.456,0.003,0.003,9.670,4.989,0.000,4.989,6.739
1780271584572,1.275,1.170,1.060,1.035,2.391,2.529,0.003,0.003,9.466,4.932,0.000,4.932,6.715
1780271584603,1.253,1.151,1.046,1.104,2.547,2.507,0.003,0.007,9.618,5.046,0.000,5.046,6.570
1780271584635,1.279,1.024,0.944,1.089,2.485,2.511,0.003,0.007,9.342,5.054,0.000,5.054,6.715
1780271584673,1.191,1.020,0.871,0.987,2.471,2.602,0.007,0.003,9.152,5.079,0.000,5.079,6.594
1780271584713,1.184,1.046,1.002,0.987,2.653,2.587,0.007,0.003,9.469,5.274,0.000,5.274,6.715
1780271584745,1.155,0.925,0.780,0.944,2.613,3.014,0.003,0.007,9.441,5.518,0.000,5.518,7.152
1780271584796,0.510,0.430,0.346,0.357,3.109,3.036,0.003,0.007,7.798,5.982,0.000,5.982,7.321
1780271584837,0.094,0.098,0.080,0.109,2.897,2.722,0.003,0.007,6.010,5.608,0.000,5.608,6.255
1780271584888,0.007,0.007,0.007,0.007,2.525,2.547,0.003,0.003,5.106,5.168,0.000,5.168,5.552
1780271584918,0.003,0.003,0.000,0.003,2.525,3.378,0.007,0.007,5.926,5.738,0.000,5.738,5.552
1780271585001,0.000,0.000,0.000,0.003,7.424,7.213,0.010,0.014,14.664,13.789,0.000,13.789,13.188
1780271585036,0.000,0.000,0.000,0.003,7.909,8.328,0.000,0.014,16.254,15.254,0.000,15.254,15.879
1780271585074,0.000,0.000,0.000,0.003,8.576,7.909,0.014,0.010,16.512,15.604,0.000,15.604,16.533
1780271585104,0.000,0.000,0.000,0.003,7.982,8.449,0.010,0.014,16.458,16.003,0.000,16.003,15.976
1780271585148,0.000,0.000,0.003,0.003,8.616,8.372,0.010,0.014,17.018,16.043,0.000,16.043,16.485
1780271585177,0.003,0.000,0.000,0.003,8.266,7.949,0.014,0.014,16.249,15.864,0.000,15.864,15.733
1780271585215,0.000,0.000,0.000,0.003,8.106,7.898,0.003,0.014,16.024,15.474,0.000,15.474,16.582
1780271585243,0.000,0.003,0.000,0.003,8.226,8.569,0.014,0.014,16.829,16.320,0.000,16.320,16.024
1780271585288,0.000,0.000,0.000,0.000,8.879,8.602,0.003,0.014,17.498,16.743,0.000,16.743,17.333
1780271585315,0.000,0.000,0.000,0.003,8.762,8.142,0.003,0.014,16.924,16.141,0.000,16.141,16.848
1780271585361,0.000,0.000,0.000,0.003,7.957,8.405,0.010,0.014,16.389,15.677,0.000,15.677,16.364
1780271585423,0.000,0.000,0.000,0.003,8.653,8.423,0.003,0.014,17.096,16.450,0.000,16.450,16.170
1780271585491,0.000,0.000,0.000,0.003,7.876,8.339,0.018,0.014,16.250,15.579,0.000,15.579,16.533
1780271585520,0.000,0.003,0.000,0.003,8.441,8.354,0.003,0.014,16.818,16.043,0.000,16.043,16.267
1780271585574,0.003,0.000,0.000,0.003,8.496,7.836,0.010,0.018,16.366,15.653,0.000,15.653,16.388
1780271585602,0.003,0.000,0.000,0.003,8.405,8.456,0.003,0.014,16.884,16.239,0.000,16.239,15.976
1780271585636,0.000,0.000,0.000,0.003,8.059,8.044,0.010,0.014,16.130,15.742,0.000,15.742,16.412
1780271585668,0.003,0.000,0.003,0.003,8.142,7.771,0.014,0.014,15.950,15.579,0.000,15.579,15.952
1780271585729,0.000,0.000,0.000,0.003,7.851,7.625,0.014,0.010,15.503,15.002,0.000,15.002,15.855
1780271585757,0.000,0.000,0.000,0.003,7.902,7.567,0.010,0.010,15.492,14.945,0.000,14.945,15.491
1780271585794,0.000,0.000,0.000,0.003,7.957,7.238,0.014,0.010,15.222,15.034,0.000,15.034,15.103
1780271585820,0.007,0.000,0.000,0.003,8.161,7.807,0.014,0.014,16.006,15.295,0.000,15.295,15.564
1780271585873,0.000,0.000,0.003,0.003,8.015,7.997,0.014,0.014,16.046,15.490,0.000,15.490,16.121
1780271585929,0.000,0.000,0.000,0.003,7.898,7.767,0.000,0.014,15.682,15.107,0.000,15.107,15.709
1780271585982,0.003,0.000,0.000,0.000,8.573,7.720,0.000,0.014,16.310,15.490,0.000,15.490,15.733
1780271586035,0.000,0.000,0.000,0.003,8.070,8.139,0.003,0.014,16.229,15.555,0.000,15.555,16.485
1780271586078,0.000,0.000,0.000,0.003,8.434,8.051,0.003,0.014,16.505,15.441,0.000,15.441,15.976
1780271586120,0.000,0.000,0.000,0.000,8.037,7.931,0.007,0.014,15.989,15.262,0.000,15.262,15.976
1780271586156,0.000,0.000,0.000,0.003,7.942,7.865,0.007,0.014,15.831,15.026,0.000,15.026,15.321
1780271586194,0.000,0.000,0.000,0.003,8.113,7.997,0.010,0.014,16.137,15.254,0.000,15.254,15.830
1780271586234,0.000,0.000,0.000,0.000,8.029,8.317,0.010,0.014,16.370,15.661,0.000,15.661,15.709
1780271586270,0.000,0.000,0.000,0.003,7.847,8.244,0.010,0.014,16.118,15.433,0.000,15.433,16.121
1780271586301,0.000,0.000,0.000,0.003,8.336,7.822,0.010,0.014,16.185,15.425,0.000,15.425,15.855
1780271586341,0.000,0.000,0.000,0.003,8.336,8.088,0.007,0.010,16.444,15.628,0.000,15.628,16.170
1780271586392,0.003,0.000,0.000,0.003,7.927,7.822,0.007,0.014,15.776,15.319,0.000,15.319,15.685
1780271586452,0.000,0.000,0.000,0.003,7.752,7.942,0.007,0.014,15.718,15.417,0.000,15.417,15.467
1780271586502,0.000,0.000,0.000,0.003,8.576,8.015,0.007,0.014,16.615,15.734,0.000,15.734,15.588
1780271586543,0.000,0.000,0.000,0.003,8.434,8.547,0.007,0.014,17.005,16.003,0.000,16.003,16.485
1780271586601,0.000,0.000,0.000,0.003,8.252,8.470,0.007,0.014,16.746,15.441,0.000,15.441,15.273
1780271586634,0.003,0.000,0.000,0.003,8.183,8.157,0.007,0.018,16.371,15.767,0.000,15.767,15.103
1780271586677,0.000,0.000,0.003,0.003,7.953,8.091,0.007,0.014,16.071,15.522,0.000,15.522,16.533
1780271586709,0.000,0.000,0.000,0.003,7.785,7.800,0.010,0.014,15.612,15.205,0.000,15.205,15.539
1780271586748,0.000,0.000,0.000,0.003,7.793,7.705,0.003,0.014,15.518,14.969,0.000,14.969,15.685
1780271586778,0.000,0.000,0.000,0.000,8.073,7.680,0.007,0.014,15.774,15.067,0.000,15.067,14.788
1780271586811,0.003,0.000,0.000,0.003,7.902,8.175,0.007,0.014,16.104,15.083,0.000,15.083,15.103
1780271586838,0.000,0.000,0.000,0.000,7.712,7.676,0.007,0.010,15.405,14.896,0.000,14.896,15.321
1780271586877,0.000,0.000,0.000,0.003,7.505,7.424,0.010,0.010,14.952,14.301,0.000,14.301,14.812
1780271586916,0.000,0.000,0.000,0.000,7.621,7.428,0.007,0.014,15.070,14.855,0.000,14.855,14.812
1780271586979,0.000,0.000,0.000,0.003,8.252,8.153,0.007,0.010,16.425,15.726,0.000,15.726,16.630
1780271587031,0.000,0.003,0.000,0.000,8.740,7.869,0.010,0.014,16.636,15.767,0.000,15.767,16.000
1780271587073,0.003,0.000,0.000,0.003,8.813,7.712,0.007,0.014,16.552,15.661,0.000,15.661,16.145
1780271587118,0.000,0.000,0.000,0.003,7.865,8.117,0.007,0.014,16.006,15.189,0.000,15.189,15.297
1780271587144,0.000,0.000,0.000,0.003,8.795,6.626,0.007,0.010,15.441,14.586,0.000,14.586,15.321
1780271587184,0.000,0.000,0.000,0.000,8.718,5.992,0.003,0.014,14.727,13.821,0.000,13.821,14.400
1780271587215,0.000,0.000,0.000,0.003,7.982,5.850,0.007,0.010,13.852,13.544,0.000,13.544,13.673
1780271587256,0.000,0.000,0.000,0.003,8.737,6.178,0.007,0.010,14.935,13.870,0.000,13.870,14.230
1780271587288,0.000,0.000,0.003,0.003,8.080,6.327,0.010,0.010,14.433,14.000,0.000,14.000,13.964
1780271587328,0.000,0.000,0.000,0.000,8.718,6.517,0.007,0.010,15.252,14.179,0.000,14.179,14.473
1780271587355,0.000,0.000,0.000,0.003,8.226,6.867,0.007,0.010,15.113,14.367,0.000,14.367,14.521
1780271587390,0.000,0.000,0.000,0.003,7.982,7.045,0.003,0.010,15.043,14.391,0.000,14.391,14.788
1780271587430,0.000,0.000,0.000,0.003,7.803,8.354,0.007,0.014,16.181,15.213,0.000,15.213,15.370
1780271587488,0.000,0.000,0.000,0.000,7.949,7.355,0.007,0.010,15.321,14.847,0.000,14.847,15.806
1780271587542,0.000,0.000,0.000,0.003,8.558,8.153,0.007,0.014,16.735,15.767,0.000,15.767,16.073
1780271587583,0.000,0.000,0.000,0.003,8.700,7.741,0.007,0.010,16.461,15.596,0.000,15.596,16.170
1780271587638,0.000,0.000,0.000,0.003,7.727,8.394,0.007,0.014,16.145,15.376,0.000,15.376,16.291
1780271587667,0.003,0.000,0.000,0.003,8.445,7.767,0.007,0.014,16.239,15.433,0.000,15.433,15.709
1780271587700,0.000,0.000,0.000,0.003,7.938,8.201,0.007,0.014,16.163,15.352,0.000,15.352,15.612
1780271587730,0.000,0.000,0.000,0.003,7.698,8.635,0.007,0.014,16.357,15.457,0.000,15.457,15.758
1780271587771,0.000,0.000,0.000,0.003,8.190,8.551,0.003,0.018,16.765,15.767,0.000,15.767,15.879
1780271587796,0.003,0.000,0.000,0.003,8.492,7.851,0.007,0.010,16.366,15.555,0.000,15.555,15.976
1780271587831,0.003,0.000,0.000,0.000,8.470,8.522,0.007,0.014,17.016,15.604,0.000,15.604,16.291
1780271587858,0.000,0.000,0.000,0.003,7.658,8.532,0.007,0.014,16.214,15.400,0.000,15.400,15.830
1780271587900,0.000,0.000,0.000,0.003,7.891,7.869,0.007,0.014,15.784,15.213,0.000,15.213,15.491
1780271587939,0.000,0.000,0.000,0.003,8.503,7.089,0.007,0.010,15.612,15.026,0.000,15.026,15.733
1780271587994,0.000,0.003,0.003,0.003,8.157,7.621,0.003,0.014,15.804,15.010,0.000,15.010,14.788
1780271588031,0.003,0.000,0.000,0.003,8.470,8.102,0.010,0.014,16.602,15.531,0.000,15.531,15.612
1780271588074,0.000,0.000,0.000,0.000,7.607,8.627,0.007,0.014,16.255,15.392,0.000,15.392,15.636
1780271588141,0.000,0.000,0.000,0.000,8.598,8.489,0.007,0.014,17.108,16.043,0.000,16.043,16.388
1780271588177,0.000,0.000,0.000,0.003,8.540,7.727,0.007,0.014,16.291,15.457,0.000,15.457,15.806
1780271588219,0.000,0.000,0.000,0.000,8.423,8.139,0.007,0.014,16.583,15.579,0.000,15.579,15.636
1780271588258,0.000,0.000,0.000,0.003,8.292,8.496,0.010,0.014,16.815,15.775,0.000,15.775,16.170
1780271588296,0.000,0.000,0.000,0.000,7.796,8.423,0.007,0.014,16.240,15.181,0.000,15.181,16.024
1780271588330,0.003,0.000,0.000,0.003,7.800,7.687,0.007,0.018,15.518,14.790,0.000,14.790,15.006
1780271588366,0.000,0.000,0.000,0.003,7.771,7.607,0.007,0.010,15.398,14.611,0.000,14.611,14.958
1780271588394,0.000,0.000,0.000,0.000,7.694,7.621,0.003,0.014,15.332,14.733,0.000,14.733,14.812
1780271588428,0.000,0.000,0.000,0.003,8.430,8.059,0.010,0.014,16.516,15.636,0.000,15.636,15.273
1780271588469,0.003,0.000,0.000,0.000,8.773,8.405,0.007,0.014,17.202,16.133,0.000,16.133,16.582
1780271588524,0.000,0.000,0.000,0.003,8.715,8.554,0.007,0.014,17.293,16.271,0.000,16.271,16.679
1780271588556,0.000,0.000,0.000,0.003,8.686,8.540,0.010,0.014,17.253,16.247,0.000,16.247,16.630
1780271588604,0.000,0.000,0.000,0.003,8.536,8.529,0.010,0.014,17.092,16.084,0.000,16.084,16.533
1780271588668,0.000,0.000,0.000,0.000,7.705,8.427,0.010,0.014,16.156,15.319,0.000,15.319,15.612
1780271588700,0.000,0.000,0.000,0.000,7.530,8.110,0.007,0.014,15.661,14.953,0.000,14.953,15.370
1780271588752,0.000,0.000,0.000,0.003,7.599,7.552,0.007,0.010,15.171,14.440,0.000,14.440,14.764
1780271588781,0.000,0.000,0.000,0.003,7.570,7.526,0.007,0.014,15.120,14.367,0.000,14.367,14.764
1780271588815,0.000,0.003,0.000,0.003,7.588,7.501,0.007,0.010,15.112,14.399,0.000,14.399,14.618
1780271588844,0.003,0.000,0.000,0.003,8.259,7.483,0.007,0.014,15.769,14.928,0.000,14.928,15.079
1780271588884,0.000,0.000,0.000,0.000,8.587,7.643,0.010,0.010,16.250,15.295,0.000,15.295,15.709
1780271588911,0.000,0.000,0.000,0.003,8.635,7.643,0.010,0.014,16.305,15.425,0.000,15.425,15.733
1780271588945,0.000,0.000,0.000,0.000,8.602,8.219,0.007,0.018,16.846,15.848,0.000,15.848,15.855
1780271588989,0.000,0.000,0.000,0.003,8.558,8.409,0.010,0.018,16.998,15.978,0.000,15.978,16.388
1780271589049,0.003,0.000,0.000,0.003,7.709,7.734,0.007,0.014,15.470,14.855,0.000,14.855,16.000
1780271589083,0.000,0.000,0.000,0.003,7.643,7.741,0.010,0.014,15.411,14.619,0.000,14.619,14.836
1780271589127,0.003,0.000,0.003,0.003,7.793,7.720,0.007,0.014,15.543,14.790,0.000,14.790,14.885
1780271589191,0.000,0.000,0.000,0.000,7.669,8.507,0.007,0.014,16.197,15.254,0.000,15.254,16.024
1780271589222,0.000,0.000,0.000,0.003,7.348,8.547,0.007,0.018,15.923,15.099,0.000,15.099,15.564
1780271589261,0.000,0.000,0.000,0.003,8.219,7.876,0.010,0.014,16.122,15.091,0.000,15.091,15.467
1780271589290,0.003,0.000,0.000,0.003,7.665,8.113,0.007,0.014,15.805,14.961,0.000,14.961,15.321
1780271589329,0.000,0.000,0.000,0.000,7.406,8.456,0.007,0.014,15.883,14.985,0.000,14.985,15.418
1780271589367,0.298,0.258,0.229,0.324,7.534,8.288,0.010,0.014,16.955,15.042,0.000,15.042,15.224
1780271589407,2.824,2.347,2.307,2.380,7.865,6.987,0.010,0.010,24.730,14.155,0.000,14.155,15.685
1780271589439,4.479,3.626,4.796,4.811,7.093,6.382,0.007,0.010,31.204,13.129,0.000,13.129,24.048
1780271589481,3.298,2.256,5.996,6.079,7.045,6.291,0.007,0.010,30.982,12.779,0.000,12.779,28.194
1780271589514,3.455,1.924,5.726,5.948,7.034,6.254,0.007,0.010,30.358,12.633,0.000,12.633,27.152
1780271589568,3.298,3.127,4.884,5.037,7.082,6.273,0.010,0.010,29.721,12.730,0.000,12.730,27.200
1780271589606,2.759,3.043,4.599,4.702,7.155,6.349,0.007,0.010,28.624,12.796,0.000,12.796,25.527
1780271589649,3.320,3.470,3.929,4.100,7.166,6.382,0.007,0.010,28.384,12.869,0.000,12.869,25.770
1780271589710,3.109,3.211,3.604,3.590,7.060,6.466,0.003,0.010,27.053,12.893,0.000,12.893,24.485
1780271589744,3.065,3.207,3.189,3.218,7.031,6.561,0.010,0.010,26.291,12.950,0.000,12.950,23.806
1780271589784,2.762,2.959,3.003,2.912,7.002,6.673,0.007,0.010,25.328,12.942,0.000,12.942,23.200
1780271589814,2.624,2.824,2.886,2.850,6.761,6.714,0.007,0.010,24.676,12.869,0.000,12.869,22.545
1780271589845,2.398,2.737,2.595,2.664,6.699,6.983,0.003,0.014,24.093,13.105,0.000,13.105,22.061
1780271589881,2.292,2.544,2.354,2.518,6.648,7.464,0.007,0.014,23.841,13.349,0.000,13.349,21.867
1780271589913,2.092,2.412,2.329,2.372,6.604,7.607,0.007,0.014,23.437,13.471,0.000,13.471,21.576
1780271589955,2.187,2.270,2.168,2.197,6.619,7.643,0.010,0.014,23.108,13.553,0.000,13.553,21.236
1780271589990,2.030,2.146,2.084,2.106,6.641,7.712,0.007,0.018,22.744,13.593,0.000,13.593,20.848
1780271590026,2.001,2.048,2.063,2.059,6.655,7.731,0.010,0.014,22.581,13.642,0.000,13.642,20.848
1780271590074,1.946,2.081,1.793,1.884,6.637,7.782,0.003,0.014,22.140,13.699,0.000,13.699,20.582
1780271590103,1.822,1.822,1.647,1.815,7.093,7.785,0.007,0.014,22.005,14.139,0.000,14.139,20.121
1780271590138,1.848,1.756,1.483,1.840,7.731,7.618,0.007,0.014,22.297,14.472,0.000,14.472,20.412
1780271590181,1.800,1.793,1.665,1.654,7.840,7.581,0.010,0.014,22.357,14.635,0.000,14.635,20.679
1780271590239,1.742,1.570,1.512,1.578,7.854,7.628,0.007,0.014,21.905,14.643,0.000,14.643,20.315
1780271590281,3.539,3.349,3.342,3.331,7.989,7.333,0.003,0.010,28.896,14.562,0.000,14.562,19.927
1780271590320,6.735,5.766,4.596,4.497,6.816,6.269,0.007,0.010,34.696,12.836,0.000,12.836,17.624
1780271590352,8.409,7.822,2.478,2.409,6.670,6.349,0.007,0.014,34.158,12.511,0.000,12.511,29.624
1780271590385,7.523,6.885,1.498,1.137,6.867,6.688,0.003,0.010,30.611,12.771,0.000,12.771,28.145
1780271590415,8.099,6.816,0.944,0.601,6.659,6.801,0.007,0.010,29.937,12.763,0.000,12.763,25.867
1780271590455,8.372,6.765,0.761,0.306,6.513,6.932,0.007,0.014,29.670,12.625,0.000,12.625,25.891
1780271590487,8.226,5.190,3.597,2.529,6.101,6.776,0.007,0.010,32.436,12.275,0.000,12.275,26.836
1780271590525,7.639,3.400,4.753,1.990,6.207,6.976,0.007,0.010,30.982,12.617,0.000,12.617,26.618
1780271590584,6.597,1.191,4.880,1.246,6.382,7.122,0.003,0.010,27.431,12.869,0.000,12.869,22.909
1780271590619,5.234,0.754,4.578,0.750,6.495,7.140,0.007,0.010,24.968,12.942,0.000,12.942,22.158
1780271590658,4.669,0.349,3.962,0.466,6.579,6.812,0.007,0.010,22.854,12.779,0.000,12.779,20.800
1780271590715,4.042,0.579,3.477,0.466,6.637,6.776,0.007,0.010,21.994,12.771,0.000,12.771,19.733
1780271590803,2.937,2.515,2.868,2.172,7.497,7.191,0.010,0.014,25.204,13.911,0.000,13.911,20.582
1780271590837,2.387,3.805,2.719,3.182,7.319,7.238,0.007,0.014,26.671,13.748,0.000,13.748,20.679
1780271590878,2.063,4.683,2.267,4.107,7.166,7.202,0.007,0.014,27.509,13.634,0.000,13.634,25.212
1780271590906,2.617,4.228,2.318,3.637,7.177,7.209,0.007,0.014,27.207,13.618,0.000,13.618,24.679
1780271590943,2.686,3.881,2.562,3.302,7.125,7.249,0.007,0.014,26.826,13.634,0.000,13.634,24.582
1780271590976,2.453,3.400,2.525,2.945,7.111,7.300,0.007,0.010,25.751,13.658,0.000,13.658,23.733
1780271591012,2.507,2.988,2.219,2.751,7.071,7.341,0.007,0.014,24.898,13.658,0.000,13.658,22.958
1780271591041,2.412,2.857,2.143,2.504,6.779,7.421,0.007,0.014,24.137,13.447,0.000,13.447,22.545
1780271591090,2.281,2.569,2.176,2.230,6.571,7.526,0.007,0.010,23.370,13.374,0.000,13.374,21.600
1780271591133,2.161,2.351,2.033,2.033,6.520,7.577,0.003,0.010,22.688,13.333,0.000,13.333,21.115
1780271591170,2.197,2.125,1.822,1.975,6.531,7.497,0.007,0.014,22.168,13.308,0.000,13.308,20.679
1780271591212,2.084,2.033,1.767,1.891,6.601,7.322,0.007,0.010,21.715,13.251,0.000,13.251,20.315
1780271591249,1.961,1.924,1.589,1.713,7.166,6.899,0.010,0.014,21.276,13.471,0.000,13.471,19.903
1780271591324,1.716,1.662,1.458,1.450,7.851,6.706,0.010,0.010,20.863,13.772,0.000,13.772,19.564
1780271591356,1.713,1.622,1.392,1.523,7.840,6.768,0.007,0.010,20.875,13.838,0.000,13.838,19.588
1780271591396,1.596,1.538,1.301,1.406,7.760,7.173,0.007,0.014,20.795,14.114,0.000,14.114,19.491
1780271591423,1.560,1.476,1.232,1.366,7.701,7.348,0.007,0.014,20.704,14.269,0.000,14.269,19.345
1780271591468,1.563,1.458,1.206,1.348,7.665,7.625,0.007,0.010,20.882,14.415,0.000,14.415,19.636
1780271591498,1.454,1.421,1.206,1.235,7.672,7.694,0.010,0.014,20.706,14.497,0.000,14.497,19.564
1780271591542,1.352,1.293,1.100,1.104,7.661,7.690,0.007,0.010,20.217,14.481,0.000,14.481,19.079
1780271591605,1.450,1.341,1.155,1.239,7.610,7.687,0.007,0.014,20.503,14.464,0.000,14.464,19.297
1780271591641,1.334,1.286,1.064,1.180,7.636,7.749,0.007,0.014,20.270,14.521,0.000,14.521,19.079
1780271591679,1.323,1.232,0.976,1.140,7.625,7.778,0.007,0.014,20.095,14.529,0.000,14.529,19.030
1780271591735,1.308,1.388,1.144,1.053,7.523,7.778,0.007,0.010,20.211,14.440,0.000,14.440,18.764
1780271591766,1.414,1.268,1.111,1.162,7.534,7.760,0.007,0.014,20.270,14.481,0.000,14.481,19.248
1780271591836,1.286,1.180,0.925,1.140,7.468,7.647,0.010,0.014,19.670,14.261,0.000,14.261,18.255
1780271591892,1.232,1.304,1.232,1.100,6.972,7.515,0.010,0.018,19.383,13.724,0.000,13.724,18.788
1780271591933,1.013,1.024,0.954,0.761,6.954,7.166,0.003,0.014,17.889,13.398,0.000,13.398,17.067
1780271591970,1.461,1.170,0.936,1.038,6.867,7.023,0.007,0.014,18.516,13.211,0.000,13.211,17.091
1780271592001,1.352,1.297,1.140,1.122,6.859,7.005,0.007,0.010,18.792,13.154,0.000,13.154,17.721
1780271592040,1.250,1.213,1.071,1.093,6.838,6.994,0.007,0.014,18.480,13.121,0.000,13.121,17.600
1780271592072,1.221,1.126,0.827,1.009,6.845,6.994,0.010,0.014,18.046,13.129,0.000,13.129,17.212
1780271592125,1.253,1.224,1.049,0.871,6.834,6.972,0.007,0.010,18.220,13.080,0.000,13.080,17.188
1780271592163,0.718,3.484,3.167,0.422,6.925,7.129,0.007,0.010,21.862,13.333,0.000,13.333,16.703
1780271592201,4.822,4.869,5.624,5.977,5.988,6.345,0.003,0.010,33.638,11.851,0.000,11.851,14.424
1780271592255,2.653,3.455,8.930,8.594,5.606,5.842,0.007,0.010,35.097,11.192,0.000,11.192,29.915
1780271592287,1.312,1.505,7.136,7.840,5.832,6.356,0.007,0.010,29.998,11.583,0.000,11.583,26.788
1780271592362,0.780,0.743,5.708,5.441,6.207,6.947,0.007,0.014,25.847,12.421,0.000,12.421,24.218
1780271592392,0.659,0.619,5.350,5.296,6.178,7.107,0.007,0.010,25.226,12.543,0.000,12.543,22.279
1780271592422,0.506,0.499,6.192,5.554,6.109,7.147,0.003,0.010,26.020,12.519,0.000,12.519,22.861
1780271592448,0.430,0.419,6.710,6.641,6.017,6.987,0.007,0.014,27.225,12.323,0.000,12.323,23.782
1780271592485,0.437,0.411,7.333,7.647,5.890,6.907,0.007,0.014,28.646,12.144,0.000,12.144,25.382
1780271592513,0.488,0.528,7.268,7.479,5.762,6.779,0.003,0.010,28.317,11.697,0.000,11.697,25.624
1780271592553,4.468,4.282,5.627,4.694,5.638,6.684,0.007,0.010,31.410,11.803,0.000,11.803,28.606
1780271592587,3.302,2.919,5.223,4.844,5.875,6.958,0.003,0.010,29.134,12.169,0.000,12.169,26.400
1780271592644,2.022,3.171,5.146,4.261,5.853,6.910,0.003,0.014,27.380,12.112,0.000,12.112,24.388
1780271592677,3.065,3.462,4.497,3.717,5.901,6.885,0.007,0.010,27.544,12.169,0.000,12.169,24.994
1780271592710,2.733,3.080,4.169,3.703,5.988,6.998,0.010,0.010,26.691,12.283,0.000,12.283,23.976
1780271592770,2.620,3.043,3.860,3.240,6.047,7.111,0.007,0.014,25.942,12.446,0.000,12.446,23.345
1780271592800,2.751,2.839,3.440,2.908,6.127,7.107,0.007,0.010,25.189,12.527,0.000,12.527,22.812
1780271592867,2.708,2.584,2.890,2.751,6.181,7.260,0.003,0.014,24.391,12.698,0.000,12.698,22.158
1780271592899,2.733,2.562,2.722,2.617,6.520,7.158,0.007,0.014,24.333,12.877,0.000,12.877,21.891
1780271592935,2.631,2.478,2.434,2.329,6.874,7.238,0.007,0.014,24.005,13.333,0.000,13.333,22.109
1780271592962,2.398,2.234,2.248,2.278,6.983,7.351,0.007,0.010,23.509,13.520,0.000,13.520,21.358
1780271593000,2.372,2.194,2.216,2.150,7.085,7.421,0.007,0.010,23.455,13.650,0.000,13.650,21.382
1780271593033,2.172,2.117,2.154,1.975,7.122,7.435,0.010,0.014,22.999,13.764,0.000,13.764,21.091
1780271593071,2.012,1.993,1.877,1.924,7.246,7.435,0.007,0.010,22.504,13.854,0.000,13.854,20.655
1780271593100,1.993,1.909,1.829,1.961,7.238,7.464,0.007,0.014,22.415,13.870,0.000,13.870,20.727
1780271593157,1.855,1.775,1.625,1.669,7.337,7.515,0.007,0.014,21.797,14.017,0.000,14.017,20.291
1780271593199,1.796,1.665,1.578,1.683,7.406,7.530,0.007,0.010,21.675,14.082,0.000,14.082,20.097
1780271593232,1.775,1.745,1.596,1.498,7.450,7.559,0.010,0.014,21.647,14.155,0.000,14.155,20.048
1780271593298,1.509,1.399,1.355,1.585,7.260,7.672,0.003,0.014,20.797,14.106,0.000,14.106,19.321
1780271593333,1.414,1.647,1.625,1.538,7.257,7.603,0.007,0.010,21.101,14.025,0.000,14.025,19.636
1780271593397,1.447,1.348,1.195,1.370,7.093,7.712,0.007,0.014,20.186,13.976,0.000,13.976,18.933
1780271593425,1.549,1.377,1.319,1.443,7.016,7.658,0.007,0.010,20.379,13.789,0.000,13.789,18.861
1780271593469,1.698,1.611,1.556,1.447,6.666,7.559,0.010,0.014,20.561,13.504,0.000,13.504,19.297
1780271593501,1.527,1.366,1.202,1.348,6.593,7.621,0.010,0.014,19.681,13.455,0.000,13.455,18.521
1780271593546,1.272,1.217,1.031,1.272,6.590,7.701,0.007,0.010,19.100,13.471,0.000,13.471,17.697
1780271593574,1.363,1.385,1.348,1.399,6.564,7.676,0.007,0.014,19.756,13.471,0.000,13.471,18.448
1780271593619,0.557,0.575,0.481,0.586,1.643,2.165,0.003,0.003,6.013,5.982,0.000,5.982,12.339
1780271593675,0.047,0.047,0.040,0.051,0.153,0.218,0.003,0.007,0.566,1.164,0.000,1.164,0.945
1780271593715,0.014,0.014,0.010,0.010,3.590,3.357,0.010,0.007,7.012,6.674,0.000,6.674,3.127
1780271593755,0.003,0.007,0.007,0.007,4.982,4.745,0.003,0.010,9.764,8.603,0.000,8.603,10.667
1780271593791,0.003,0.003,0.000,0.003,3.980,4.060,0.000,0.007,8.056,7.757,0.000,7.757,9.139
1780271593826,0.003,0.003,0.003,0.007,3.903,3.750,0.003,0.007,7.679,7.464,0.000,7.464,7.903
1780271593854,0.000,0.003,0.003,0.003,3.572,3.765,0.003,0.007,7.356,7.138,0.000,7.138,7.709
1780271593899,0.000,0.003,0.003,0.003,3.178,3.291,0.007,0.007,6.492,6.487,0.000,6.487,6.982
1780271593926,0.003,0.000,0.000,0.003,3.145,3.098,0.003,0.007,6.259,6.145,0.000,6.145,6.570
1780271593958,0.000,0.000,0.000,0.003,2.977,3.003,0.003,0.003,5.989,5.877,0.000,5.877,6.400
1780271593986,0.003,0.003,0.000,0.003,2.846,2.901,0.003,0.007,5.766,5.681,0.000,5.681,6.109
1780271594022,0.000,0.000,0.000,0.003,2.821,2.850,0.003,0.003,5.680,5.600,0.000,5.600,6.061
1780271594054,0.003,0.000,0.000,0.003,2.875,2.937,0.003,0.007,5.828,5.754,0.000,5.754,6.206
1780271594088,0.000,0.000,0.003,0.003,3.141,3.276,0.003,0.007,6.433,6.186,0.000,6.186,6.570
1780271594116,0.000,0.000,0.003,0.003,3.451,3.626,0.003,0.007,7.093,6.772,0.000,6.772,7.418
1780271594188,0.000,0.000,0.003,0.003,3.152,3.400,0.003,0.007,6.568,6.316,0.000,6.316,6.764
1780271594228,0.003,0.000,0.000,0.003,3.123,2.711,0.007,0.003,5.850,5.811,0.000,5.811,6.473
1780271594264,0.000,0.000,0.000,0.003,2.806,3.032,0.003,0.007,5.851,5.999,0.000,5.999,6.255
1780271594305,0.000,0.000,0.000,0.003,3.007,3.178,0.003,0.007,6.198,5.877,0.000,5.877,6.642
1780271594342,0.003,0.000,0.000,0.003,2.431,2.361,0.003,0.003,4.804,4.770,0.000,4.770,5.770
1780271594374,0.003,0.000,0.003,0.003,2.074,2.008,0.003,0.003,4.097,4.167,0.000,4.167,4.582
1780271594423,0.000,0.003,0.000,0.007,1.680,1.782,0.003,0.003,3.478,3.597,0.000,3.597,4.170
1780271594451,0.003,0.000,0.000,0.003,1.607,2.001,0.007,0.003,3.624,3.597,0.000,3.597,3.952
1780271594488,0.000,0.000,0.000,0.003,1.753,1.549,0.003,0.003,3.311,3.410,0.000,3.410,3.952
1780271594515,0.000,0.000,0.000,0.003,1.786,1.512,0.003,0.003,3.307,3.337,0.000,3.337,3.903
1780271594550,0.000,0.003,0.000,0.003,1.578,1.490,0.003,0.003,3.080,3.158,0.000,3.158,3.782
1780271594581,0.000,0.000,0.000,0.003,1.465,1.494,0.003,0.003,2.968,3.036,0.000,3.036,3.636
1780271594622,0.000,0.000,0.000,0.003,1.490,1.465,0.003,0.003,2.964,2.995,0.000,2.995,3.539
1780271594682,0.003,0.000,0.000,0.003,1.454,1.454,0.003,0.003,2.920,2.946,0.000,2.946,3.515
1780271594710,0.003,0.000,0.003,0.003,1.439,1.425,0.003,0.007,2.883,2.930,0.000,2.930,3.491
1780271594761,0.000,0.000,0.000,0.003,1.432,1.417,0.003,0.003,2.858,2.922,0.000,2.922,3.442
1780271594792,0.000,0.000,0.000,0.003,1.425,1.414,0.003,0.003,2.848,2.914,0.000,2.914,3.515
1780271594839,0.000,0.000,0.000,0.003,1.458,1.363,0.003,0.003,2.830,2.897,0.000,2.897,3.491
1780271594869,0.000,0.000,0.003,0.003,1.432,1.428,0.003,0.003,2.872,2.914,0.000,2.914,3.418
1780271594910,0.000,0.000,0.000,0.003,1.421,1.410,0.003,0.003,2.840,2.889,0.000,2.889,3.491
1780271594948,0.003,0.000,0.000,0.007,1.450,1.403,0.007,0.007,2.877,2.905,0.000,2.905,3.442
1780271594980,0.000,0.000,0.000,0.003,1.403,1.392,0.007,0.003,2.808,2.889,0.000,2.889,3.515
1780271595022,0.000,0.000,0.003,0.003,0.597,0.681,0.000,0.003,1.287,1.383,0.000,1.383,3.515
1780271595059,0.003,0.000,0.000,0.003,0.080,0.098,0.003,0.000,0.187,0.634,0.000,0.634,0.848
1780271595088,0.000,0.000,0.000,0.003,0.032,0.043,0.003,0.000,0.081,0.341,0.000,0.341,0.776
1780271595119,0.000,0.000,0.000,0.000,0.007,0.014,0.000,0.000,0.021,0.227,0.000,0.227,0.752
1780271595145,0.003,0.000,0.000,0.003,0.007,0.007,0.000,0.000,0.020,0.179,0.000,0.179,0.727
1780271595211,0.007,0.000,0.000,0.003,0.000,0.003,0.003,0.003,0.019,0.146,0.000,0.146,0.776
1780271595249,0.459,0.298,0.331,0.244,0.000,0.003,0.000,0.003,1.338,0.146,0.000,0.146,0.752
1780271595288,2.792,2.547,2.551,2.700,0.003,0.003,0.003,0.003,10.602,0.105,0.000,0.105,1.018
1780271595324,5.299,4.946,4.946,4.523,0.000,0.003,0.003,0.000,19.720,0.122,0.000,0.122,12.679
1780271595373,6.437,6.637,4.949,3.069,0.000,0.003,0.003,0.000,21.098,0.146,0.000,0.146,18.642
1780271595404,5.354,6.633,3.098,4.071,0.000,0.000,0.003,0.000,19.159,0.179,0.000,0.179,18.279
1780271595441,3.265,6.185,3.021,4.680,0.003,0.003,0.003,0.000,17.160,0.146,0.000,0.146,11.442
1780271595487,5.095,3.856,6.954,3.870,0.003,0.000,0.000,0.000,19.778,0.162,0.000,0.162,12.000
1780271595551,2.278,2.219,7.913,3.058,0.000,0.000,0.003,0.000,15.471,0.162,0.000,0.162,14.206
1780271595581,3.207,1.771,7.023,2.646,0.000,0.000,0.003,0.000,14.650,0.162,0.000,0.162,13.042
1780271595611,3.389,1.519,6.156,2.507,0.000,0.000,0.003,0.000,13.574,0.162,0.000,0.162,12.364
1780271595636,2.511,1.235,5.864,2.540,0.000,0.000,0.003,0.000,12.153,0.154,0.000,0.154,11.055
1780271595668,2.030,0.918,5.580,2.398,0.000,0.003,0.000,0.003,10.932,0.154,0.000,0.154,9.939
1780271595706,2.012,0.838,4.986,2.405,0.000,0.000,0.000,0.000,10.241,0.162,0.000,0.162,9.309
1780271595740,1.800,0.455,4.559,1.665,0.000,0.003,0.000,0.003,8.485,0.154,0.000,0.154,8.727
1780271595776,1.381,0.116,4.446,0.947,0.000,0.000,0.000,0.003,6.893,0.154,0.000,0.154,6.739
1780271595822,1.038,4.403,4.166,2.751,0.000,0.003,0.000,0.000,12.361,0.122,0.000,0.122,5.527
1780271595855,0.586,5.000,4.224,6.320,0.000,0.003,0.003,0.000,16.136,0.138,0.000,0.138,5.527
1780271595895,0.765,2.923,4.199,7.818,0.000,0.000,0.000,0.000,15.705,0.154,0.000,0.154,13.770
1780271595925,0.998,2.412,3.761,8.368,0.000,0.000,0.003,0.000,15.542,0.146,0.000,0.146,12.800
1780271595961,1.111,4.067,3.699,7.399,0.000,0.000,0.003,0.000,16.279,0.162,0.000,0.162,14.836
1780271596000,1.436,2.361,4.002,6.972,0.000,0.000,0.000,0.003,14.774,0.154,0.000,0.154,13.261
1780271596053,1.848,3.429,3.575,5.959,0.000,0.000,0.000,0.000,14.811,0.154,0.000,0.154,13.188
1780271596090,1.877,3.590,3.408,5.325,0.000,0.000,0.003,0.000,14.203,0.154,0.000,0.154,12.655
1780271596123,2.052,3.674,3.349,4.793,0.003,0.000,0.003,0.000,13.874,0.154,0.000,0.154,12.267
1780271596152,2.376,3.838,3.214,4.534,0.000,0.000,0.000,0.000,13.962,0.154,0.000,0.154,12.242
1780271596186,2.372,3.637,3.036,3.892,0.000,0.000,0.003,0.000,12.940,0.154,0.000,0.154,11.806
1780271596238,2.464,3.324,2.810,3.386,0.000,0.000,0.003,0.000,11.987,0.162,0.000,0.162,10.618
1780271596266,2.489,2.999,2.693,3.178,0.000,0.000,0.003,0.000,11.362,0.154,0.000,0.154,10.230
1780271596312,2.515,2.741,2.595,2.923,0.000,0.003,0.000,0.003,10.780,0.146,0.000,0.146,9.721
1780271596343,2.467,2.675,2.496,2.682,0.000,0.003,0.000,0.000,10.323,0.154,0.000,0.154,9.261
1780271596390,2.598,0.922,2.504,1.129,0.000,0.000,0.003,0.003,7.159,0.162,0.000,0.162,7.248
1780271596426,2.398,0.204,2.307,0.262,0.000,0.000,0.003,0.000,5.174,0.146,0.000,0.146,4.897
1780271596466,2.183,0.040,2.019,0.058,0.000,0.000,0.003,0.000,4.303,0.146,0.000,0.146,4.485
1780271596521,1.851,0.007,1.337,0.010,0.000,0.000,0.000,0.003,3.208,0.146,0.000,0.146,3.806
1780271596585,1.523,0.003,0.583,0.007,0.000,0.000,0.003,0.000,2.119,0.138,0.000,0.138,2.497
1780271596622,1.742,0.072,0.437,0.608,0.000,0.000,0.000,0.003,2.862,0.146,0.000,0.146,2.497
1780271596670,2.019,1.749,0.167,3.648,0.000,0.000,0.003,0.003,7.589,0.138,0.000,0.138,2.788
1780271596704,2.135,2.854,0.072,5.890,0.000,0.000,0.003,0.003,10.957,0.146,0.000,0.146,7.321
1780271596756,2.700,1.406,0.269,5.270,0.000,0.000,0.000,0.000,9.645,0.146,0.000,0.146,8.921
1780271596792,2.963,2.642,0.240,5.642,0.000,0.000,0.003,0.003,11.493,0.154,0.000,0.154,9.794
1780271596833,2.843,2.157,0.714,4.760,0.000,0.000,0.003,0.007,10.484,0.154,0.000,0.154,9.794
1780271596862,2.930,1.202,1.286,4.231,0.000,0.000,0.003,0.000,9.652,0.146,0.000,0.146,8.533
1780271596904,2.219,1.519,0.783,3.233,0.003,0.003,0.000,0.003,7.763,0.154,0.000,0.154,9.600
1780271596948,0.586,0.433,0.193,0.936,0.000,0.000,0.003,0.000,2.151,0.146,0.000,0.146,2.570
1780271596986,0.091,0.069,0.021,0.145,0.000,0.000,0.003,0.007,0.336,0.138,0.000,0.138,0.897
1780271597028,0.021,0.010,0.003,0.025,0.000,0.000,0.003,0.003,0.065,0.130,0.000,0.130,0.703
1780271597090,0.007,0.007,0.003,0.007,0.003,0.000,0.003,0.003,0.033,0.130,0.000,0.130,0.727
1780271597116,0.003,0.003,0.000,0.007,0.000,0.000,0.003,0.003,0.019,0.130,0.000,0.130,0.752
1780271597148,0.003,0.003,0.003,0.003,0.000,0.000,0.003,0.000,0.015,0.130,0.000,0.130,0.727
1780271597179,0.003,0.003,0.000,0.003,0.000,0.003,0.003,0.000,0.015,0.130,0.000,0.130,0.727
1780271597224,0.003,0.003,0.003,0.003,0.000,0.000,0.000,0.000,0.012,0.130,0.000,0.130,0.752
1780271597280,0.000,0.000,0.003,0.003,0.000,0.000,0.003,0.000,0.009,0.130,0.000,0.130,0.752
1780271597308,0.000,0.003,0.000,0.003,0.000,0.003,0.003,0.000,0.012,0.138,0.000,0.138,0.752
1780271597355,0.003,0.000,0.000,0.003,0.000,0.000,0.003,0.000,0.009,0.138,0.000,0.138,0.752
1780271597383,0.000,0.000,0.000,0.007,0.000,0.000,0.003,0.003,0.013,0.130,0.000,0.130,0.776
1780271597432,0.783,0.758,0.721,0.823,0.000,0.000,0.003,0.003,3.091,0.130,0.000,0.130,1.115
1780271597479,4.027,4.045,4.089,3.863,0.000,0.000,0.003,0.000,16.027,0.089,0.000,0.089,10.109
1780271597523,3.812,1.662,7.042,1.789,0.000,0.000,0.000,0.000,14.305,0.146,0.000,0.146,13.867
1780271597581,3.284,0.397,7.246,0.430,0.000,0.003,0.000,0.003,11.363,0.146,0.000,0.146,8.921
1780271597659,0.335,1.188,0.459,0.969,0.000,0.003,0.003,0.003,2.960,0.138,0.000,0.138,1.358
1780271597694,0.131,0.743,0.080,0.441,0.000,0.000,0.003,0.000,1.398,0.138,0.000,0.138,1.115
1780271597733,0.025,0.072,0.025,0.072,0.000,0.003,0.000,0.000,0.197,0.138,0.000,0.138,0.752
1780271597794,0.014,0.003,0.003,0.007,0.003,0.000,0.003,0.000,0.033,0.138,0.000,0.138,0.752
1780271597823,0.003,0.003,0.003,0.003,0.000,0.000,0.003,0.000,0.015,0.130,0.000,0.130,0.776
1780271597863,0.000,0.000,0.003,0.007,0.000,0.000,0.003,0.000,0.013,0.130,0.000,0.130,0.752
1780271597889,0.003,0.000,0.003,0.003,0.000,0.003,0.003,0.000,0.015,0.130,0.000,0.130,0.776
1780271597932,0.000,0.000,0.003,0.003,0.000,0.000,0.003,0.003,0.012,0.130,0.000,0.130,0.752
1780271597959,0.000,0.000,0.003,0.003,0.000,0.003,0.003,0.000,0.012,0.130,0.000,0.130,0.776
1780271598005,0.000,0.000,0.000,0.007,0.000,0.003,0.003,0.003,0.016,0.130,0.000,0.130,0.752
1780271598035,0.000,0.000,0.000,0.003,0.000,0.000,0.000,0.000,0.003,0.130,0.000,0.130,0.752
1780271598098,0.000,0.000,0.000,0.003,0.000,0.000,0.003,0.003,0.009,0.130,0.000,0.130,0.752
1780271598158,0.003,0.000,0.000,0.003,0.000,0.003,0.000,0.000,0.009,0.130,0.000,0.130,0.752
1780271598188,0.003,0.003,0.000,0.003,0.003,0.003,0.003,0.000,0.018,0.130,0.000,0.130,0.752
1780271598239,0.000,0.000,0.007,0.003,0.000,0.003,0.003,0.000,0.016,0.130,0.000,0.130,0.752
1780271598290,0.003,0.000,0.000,0.000,0.000,0.000,0.003,0.003,0.009,0.130,0.000,0.130,0.727
1780271598325,0.000,0.000,0.000,0.003,0.000,0.000,0.003,0.000,0.006,0.130,0.000,0.130,0.752
1780271598373,0.000,0.000,0.000,0.003,0.000,0.003,0.003,0.000,0.009,0.130,0.000,0.130,0.776
1780271598404,0.003,0.003,0.000,0.000,0.000,0.000,0.003,0.000,0.009,0.130,0.000,0.130,0.824
1780271598435,0.000,0.000,0.000,0.003,0.000,0.000,0.003,0.000,0.006,0.130,0.000,0.130,0.776
1780271598463,0.000,0.000,0.000,0.003,0.000,0.003,0.003,0.000,0.009,0.130,0.000,0.130,0.752
1780271598503,0.000,0.000,0.000,0.003,0.000,0.000,0.003,0.003,0.009,0.130,0.000,0.130,0.776
1780271598536,0.003,0.000,0.003,0.003,0.000,0.000,0.003,0.000,0.012,0.130,0.000,0.130,0.752
1780271598570,0.000,0.000,0.000,0.003,0.000,0.003,0.003,0.000,0.009,0.130,0.000,0.130,0.752
1780271598612,0.000,0.000,0.000,0.003,0.000,0.000,0.003,0.003,0.009,0.130,0.000,0.130,0.752
1780271598664,0.000,0.000,0.000,0.003,4.166,4.202,0.007,0.010,8.388,6.967,0.000,6.967,8.873
1780271598693,0.000,0.000,0.000,0.000,3.517,3.575,0.007,0.003,7.102,6.332,0.000,6.332,7.927
1780271598741,0.003,0.000,0.000,0.003,2.190,2.321,0.003,0.003,4.523,4.542,0.000,4.542,5.648
1780271598805,0.003,0.000,0.000,0.003,1.720,1.705,0.003,0.003,3.437,3.435,0.000,3.435,4.024
1780271598843,0.003,0.000,0.000,0.003,1.596,1.636,0.003,0.003,3.244,3.190,0.000,3.190,3.636
1780271598883,0.000,0.000,0.000,0.003,1.552,1.538,0.003,0.003,3.099,3.085,0.000,3.085,3.564
1780271598909,0.000,0.000,0.000,0.003,1.465,1.487,0.003,0.003,2.961,3.011,0.000,3.011,3.685
1780271598953,0.000,0.000,0.000,0.003,0.353,0.477,0.003,0.003,0.839,1.090,0.000,1.090,2.909
1780271598981,0.003,0.000,0.000,0.003,0.072,0.102,0.003,0.003,0.186,0.634,0.000,0.634,0.824
1780271599018,0.000,0.000,0.000,0.000,0.018,0.018,0.003,0.000,0.039,0.276,0.000,0.276,0.752
1780271599050,0.000,0.000,0.007,0.003,0.003,0.007,0.003,0.000,0.023,0.195,0.000,0.195,0.752
1780271599088,0.003,0.003,0.003,0.003,0.003,0.003,0.003,0.000,0.021,0.154,0.000,0.154,0.752
1780271599130,0.000,0.000,0.000,0.003,0.003,0.000,0.003,0.000,0.009,0.138,0.000,0.138,0.776
1780271599177,0.000,0.000,0.000,0.003,0.000,0.003,0.000,0.003,0.009,0.138,0.000,0.138,0.752
1780271599210,0.000,0.000,0.000,0.003,0.003,0.003,0.003,0.003,0.015,0.138,0.000,0.138,0.776
1780271599256,0.000,0.000,0.000,0.003,0.003,0.003,0.003,0.000,0.012,0.138,0.000,0.138,0.752
1780271599310,0.000,0.000,0.000,0.003,0.003,0.000,0.003,0.003,0.012,0.130,0.000,0.130,0.776
1780271599344,0.000,0.003,0.003,0.003,0.000,0.000,0.003,0.000,0.012,0.138,0.000,0.138,0.776
1780271599383,0.003,0.000,0.000,0.003,0.003,0.000,0.003,0.000,0.012,0.138,0.000,0.138,0.776
1780271599416,0.003,0.003,0.000,0.007,0.000,0.000,0.000,0.003,0.016,0.138,0.000,0.138,0.776
1780271599460,0.000,0.003,0.000,0.003,0.000,0.000,0.003,0.000,0.009,0.138,0.000,0.138,0.752
1780271599493,0.000,0.000,0.000,0.003,0.000,0.000,0.000,0.003,0.006,0.130,0.000,0.130,0.727
1780271599537,0.000,0.000,0.000,0.003,0.000,0.003,0.000,0.000,0.006,0.138,0.000,0.138,0.752
1780271599567,0.000,0.000,0.003,0.003,0.000,0.000,0.003,0.000,0.009,0.138,0.000,0.138,0.752
1780271599606,0.000,0.000,0.003,0.007,0.000,0.000,0.003,0.000,0.013,0.138,0.000,0.138,0.752
1780271599664,0.003,0.000,0.003,0.003,0.000,0.000,0.003,0.003,0.015,0.130,0.000,0.130,0.752
1780271599706,0.000,0.000,0.003,0.003,0.000,0.000,0.003,0.003,0.012,0.138,0.000,0.138,0.752
1780271599743,0.000,0.000,0.000,0.003,0.000,0.000,0.003,0.000,0.006,0.130,0.000,0.130,0.776
1780271599798,0.000,0.000,0.000,0.003,0.003,0.000,0.003,0.000,0.009,0.130,0.000,0.130,0.727
1780271599850,0.003,0.000,0.003,0.003,0.000,0.000,0.003,0.000,0.012,0.130,0.000,0.130,0.752
1780271599887,0.000,0.000,0.000,0.003,0.000,0.000,0.003,0.003,0.009,0.130,0.000,0.130,0.752
1780271599930,0.000,0.003,0.000,0.007,0.000,0.000,0.003,0.003,0.016,0.130,0.000,0.130,0.752
1780271599964,0.000,0.000,0.003,0.003,0.003,0.000,0.003,0.000,0.012,0.130,0.000,0.130,0.752
1780271599996,0.003,0.000,0.000,0.003,0.000,0.003,0.003,0.003,0.015,0.130,0.000,0.130,0.752
1780271600023,0.000,0.000,0.000,0.003,0.000,0.000,0.003,0.000,0.006,0.130,0.000,0.130,0.752
1780271600066,0.000,0.000,0.003,0.003,0.000,0.003,0.003,0.003,0.015,0.138,0.000,0.138,0.752
1780271600092,0.000,0.000,0.000,0.003,0.000,0.000,0.003,0.000,0.006,0.130,0.000,0.130,0.752
1780271600130,0.000,0.000,0.000,0.003,0.000,0.000,0.003,0.003,0.009,0.130,0.000,0.130,0.752
1780271600182,0.000,0.000,0.000,0.003,0.003,0.000,0.003,0.003,0.012,0.130,0.000,0.130,0.776
1780271600236,0.003,0.000,0.003,0.003,0.000,0.003,0.003,0.003,0.018,0.130,0.000,0.130,0.727
1780271600265,0.000,0.000,0.000,0.000,0.000,0.000,0.003,0.000,0.003,0.130,0.000,0.130,0.727
1780271600314,0.000,0.003,0.000,0.003,0.003,0.003,0.003,0.003,0.018,0.130,0.000,0.130,0.776
1780271600370,0.000,0.000,0.000,0.003,0.003,0.000,0.003,0.000,0.009,0.130,0.000,0.130,0.752
1780271600404,0.000,0.000,0.000,0.003,0.000,0.000,0.003,0.003,0.009,0.130,0.000,0.130,0.752
1780271600443,0.003,0.000,0.000,0.003,0.000,0.000,0.003,0.000,0.009,0.130,0.000,0.130,0.752
1780271600480,0.000,0.000,0.000,0.003,0.003,0.000,0.003,0.000,0.009,0.130,0.000,0.130,0.752
1780271600522,0.000,0.000,0.000,0.003,0.000,0.003,0.003,0.000,0.009,0.130,0.000,0.130,0.752
1780271600553,0.000,0.000,0.000,0.003,0.000,0.000,0.003,0.000,0.006,0.130,0.000,0.130,0.727
1780271600594,0.000,0.000,0.007,0.003,0.000,0.003,0.003,0.000,0.016,0.130,0.000,0.130,0.752
1780271600630,0.000,0.000,0.000,0.003,0.000,0.003,0.003,0.003,0.012,0.138,0.000,0.138,0.752
1780271600691,0.000,0.000,0.000,0.003,0.000,0.000,0.003,0.000,0.006,0.130,0.000,0.130,0.752
1780271600744,0.000,0.000,0.000,0.003,0.000,0.003,0.003,0.003,0.012,0.130,0.000,0.130,0.752
1780271600774,0.003,0.000,0.000,0.003,0.000,0.000,0.003,0.000,0.009,0.130,0.000,0.130,0.752
1780271600831,0.000,0.000,0.000,0.007,0.000,0.000,0.003,0.000,0.010,0.130,0.000,0.130,0.752
1780271600883,0.000,0.000,0.000,0.003,0.000,0.000,0.000,0.000,0.003,0.130,0.000,0.130,0.727
1780271600916,0.000,0.000,0.000,0.003,0.000,0.003,0.003,0.000,0.009,0.130,0.000,0.130,0.776
1780271600968,0.000,0.000,0.000,0.003,0.000,0.000,0.003,0.000,0.006,0.130,0.000,0.130,0.752
1780271601006,0.000,0.000,0.003,0.003,0.000,0.000,0.003,0.000,0.009,0.130,0.000,0.130,0.752
1780271601042,0.003,0.000,0.000,0.003,0.000,0.000,0.003,0.000,0.009,0.130,0.000,0.130,0.752
1780271601072,0.000,0.000,0.003,0.003,0.000,0.000,0.003,0.000,0.009,0.130,0.000,0.130,0.727
1780271601128,0.000,0.000,0.000,0.003,0.000,0.003,0.003,0.003,0.012,0.130,0.000,0.130,0.752
1780271601165,0.000,0.000,0.000,0.003,0.000,0.000,0.000,0.003,0.006,0.130,0.000,0.130,0.776
1780271601211,0.003,0.000,0.000,0.003,0.003,0.003,0.003,0.000,0.015,0.130,0.000,0.130,0.752
1780271601270,0.000,0.003,0.000,0.003,0.000,0.000,0.003,0.003,0.012,0.130,0.000,0.130,0.776
1780271601299,0.000,0.000,0.000,0.003,0.000,0.000,0.003,0.000,0.006,0.130,0.000,0.130,0.727
1780271601345,0.000,0.000,0.000,0.003,0.000,0.003,0.003,0.000,0.009,0.130,0.000,0.130,0.727
1780271601412,0.003,0.000,0.000,0.003,0.003,0.003,0.003,0.000,0.015,0.130,0.000,0.130,0.752
1780271601444,0.000,0.000,0.000,0.003,0.000,0.000,0.003,0.000,0.006,0.130,0.000,0.130,0.776
1780271601480,0.000,0.000,0.000,0.003,0.000,0.000,0.003,0.000,0.006,0.130,0.000,0.130,0.752
1780271601517,0.003,0.000,0.000,0.003,0.000,0.000,0.003,0.003,0.012,0.130,0.000,0.130,0.727
1780271601564,0.000,0.000,0.000,0.003,0.000,0.000,0.003,0.000,0.006,0.130,0.000,0.130,0.752
1780271601595,0.003,0.000,0.000,0.003,0.000,0.000,0.003,0.000,0.009,0.130,0.000,0.130,0.727
1780271601651,0.000,0.000,0.003,0.003,0.003,0.003,0.003,0.003,0.018,0.097,0.000,0.097,0.752
