wall_clock_ms,lf_A,rf_A,lb_A,rb_A,frontIntake_A,backIntake_A,lShooter_A,rShooter_A,motor_total_A,controlHub_A,expansionHub_A,servoHub_A,hub_total_A
1780257331845,0.000,0.000,0.000,0.003,0.000,0.000,0.003,0.000,0.006,0.000,0.472,0.105,0.577
1780257331971,0.000,0.000,0.003,0.003,0.000,0.000,0.000,0.000,0.006,0.000,0.480,0.350,0.830
1780257332029,0.003,0.000,0.000,0.003,0.000,0.000,0.003,0.000,0.009,0.000,0.480,0.146,0.626
1780257332085,0.000,0.000,0.000,0.003,0.000,0.003,0.003,0.003,0.012,0.000,0.480,0.463,0.943
1780257332139,0.000,0.000,0.000,0.003,0.000,0.003,0.000,0.003,0.009,0.000,0.504,0.366,0.870
1780257332197,0.000,0.000,0.000,0.003,0.000,0.003,0.003,0.003,0.012,0.000,0.480,0.179,0.659
1780257332249,0.000,0.000,0.000,0.003,0.000,0.000,0.003,0.003,0.009,0.000,0.472,0.130,0.602
1780257332320,0.000,0.000,0.000,0.003,0.003,0.000,0.003,0.000,0.009,0.000,0.488,0.130,0.618
1780257332389,0.000,0.000,0.000,0.003,0.003,0.000,0.003,0.003,0.012,0.000,0.480,0.130,0.610
1780257332524,0.000,0.000,0.003,0.003,0.000,0.000,0.003,0.003,0.012,0.000,0.472,0.130,0.602
1780257332588,0.000,0.000,0.000,0.003,0.000,0.000,0.000,0.003,0.006,0.000,0.480,0.122,0.602
1780257332651,0.000,0.000,0.000,0.003,0.000,0.000,0.003,0.003,0.009,0.000,0.504,0.122,0.626
1780257332700,0.003,0.000,0.000,0.003,0.000,0.000,0.003,0.000,0.009,0.000,0.512,0.122,0.634
1780257332744,0.000,0.003,0.000,0.003,0.000,0.000,0.003,0.000,0.009,0.000,0.488,0.122,0.610
1780257332803,0.003,0.000,0.000,0.003,0.000,0.000,0.003,0.003,0.012,0.000,0.480,0.122,0.602
1780257332870,0.000,0.000,0.000,0.003,0.000,0.000,0.003,0.000,0.006,0.000,0.472,0.130,0.602
1780257332940,0.003,0.000,0.000,0.003,0.000,0.000,0.003,0.000,0.009,0.000,0.488,0.130,0.618
1780257333057,0.000,0.000,0.000,0.003,0.000,0.000,0.003,0.003,0.009,0.000,0.496,0.122,0.618
1780257333116,3.634,3.251,4.381,4.756,0.003,0.000,0.003,0.000,16.028,0.000,19.877,0.130,20.007
1780257333178,2.292,3.630,4.519,4.162,0.000,0.000,0.003,0.000,14.606,0.000,6.471,0.146,6.617
1780257333231,0.721,0.820,1.100,1.162,0.000,0.000,0.003,0.000,3.806,0.000,1.978,0.130,2.108
1780257333284,0.047,0.058,0.047,0.043,0.000,0.003,0.000,0.000,0.198,0.000,0.797,0.122,0.919
1780257333342,0.007,0.007,0.010,0.010,0.000,0.000,0.003,0.000,0.037,0.000,0.545,0.122,0.667
1780257333420,0.007,0.003,0.000,0.003,0.003,0.000,0.003,0.003,0.022,0.000,0.504,0.130,0.634
1780257333480,0.003,0.003,0.000,0.007,0.000,0.000,0.003,0.000,0.016,0.000,0.488,0.122,0.610
1780257333578,0.000,0.000,0.000,0.003,0.000,0.000,0.003,0.003,0.009,0.000,0.488,0.122,0.610
1780257333630,0.000,0.000,0.003,0.003,0.000,0.003,0.003,0.003,0.015,0.000,0.480,0.122,0.602
1780257333682,0.000,0.000,0.000,0.003,0.000,0.003,0.003,0.000,0.009,0.000,0.496,0.122,0.618
1780257333752,0.000,0.000,0.000,0.003,0.000,0.000,0.003,0.000,0.006,0.000,0.472,0.122,0.594
1780257334044,0.000,0.000,0.000,0.003,0.000,0.000,0.003,0.000,0.006,0.000,0.463,0.122,0.585
1780257334179,0.000,0.000,0.000,0.003,0.000,0.000,0.003,0.000,0.006,0.000,0.488,0.122,0.610
1780257334209,0.000,0.000,0.000,0.003,0.000,0.003,0.003,0.000,0.009,0.000,0.472,0.122,0.594
1780257334259,0.007,0.000,0.003,0.007,0.000,0.000,0.003,0.000,0.020,0.000,0.472,0.122,0.594
1780257334301,0.000,0.000,0.000,0.003,0.003,0.000,0.003,0.000,0.009,0.000,0.463,0.122,0.585
1780257334341,0.003,0.000,0.000,0.003,0.000,0.000,0.003,0.000,0.009,0.000,0.463,0.130,0.593
1780257334374,0.000,0.000,0.000,0.000,0.000,0.000,0.003,0.000,0.003,0.000,0.472,0.122,0.594
1780257334418,0.000,0.003,0.000,0.003,0.000,0.000,0.003,0.000,0.009,0.000,0.480,0.122,0.602
1780257334456,0.003,0.000,0.000,0.003,0.003,0.003,0.003,0.000,0.015,0.000,0.480,0.122,0.602
1780257334494,0.000,0.000,0.003,0.003,0.000,0.000,0.003,0.000,0.009,0.000,0.480,0.122,0.602
1780257334524,0.000,0.000,0.000,0.003,0.000,0.000,0.003,0.000,0.006,0.000,0.480,0.122,0.602
1780257334564,0.000,0.000,0.000,0.000,0.000,0.003,0.003,0.003,0.009,0.000,0.463,0.122,0.585
1780257334655,0.000,0.000,0.000,0.003,0.000,0.000,0.003,0.000,0.006,0.000,0.472,0.122,0.594
1780257334716,0.000,0.000,0.000,0.003,0.000,0.000,0.000,0.000,0.003,0.000,0.472,0.122,0.594
1780257334759,0.003,0.000,0.007,0.003,0.000,0.000,0.003,0.000,0.016,0.000,0.472,0.122,0.594
1780257334802,0.003,0.000,0.000,0.003,0.000,0.000,0.003,0.000,0.009,0.000,0.472,0.122,0.594
1780257334833,0.000,0.003,0.000,0.003,0.000,0.003,0.003,0.000,0.012,0.000,0.472,0.122,0.594
1780257334869,0.000,0.000,0.000,0.000,0.000,0.003,0.003,0.003,0.009,0.000,0.480,0.122,0.602
1780257334899,0.003,0.000,0.000,0.003,0.000,0.000,0.003,0.003,0.012,0.000,0.488,0.122,0.610
1780257334946,0.000,0.000,0.000,0.003,0.000,0.003,0.000,0.003,0.009,0.000,0.504,0.122,0.626
1780257334976,0.003,0.000,0.003,0.003,0.000,0.000,0.000,0.000,0.009,0.000,0.480,0.122,0.602
1780257335015,0.000,0.000,0.000,0.003,0.000,0.000,0.003,0.003,0.009,0.000,0.480,0.122,0.602
1780257335047,0.000,0.000,0.000,0.003,0.000,0.000,0.003,0.000,0.006,0.000,0.463,0.122,0.585
1780257335089,0.003,0.000,0.000,0.003,0.000,0.003,0.003,0.000,0.012,0.000,0.463,0.122,0.585
1780257335165,0.000,0.003,0.000,0.003,0.000,0.000,0.003,0.003,0.012,0.000,0.463,0.122,0.585
1780257335232,0.003,0.003,0.000,0.003,0.000,0.000,0.003,0.003,0.015,0.000,0.480,0.122,0.602
1780257335273,0.000,0.003,0.000,0.003,0.000,0.000,0.003,0.003,0.012,0.000,0.480,0.130,0.610
1780257335310,0.000,0.000,0.000,0.003,0.000,0.000,0.003,0.000,0.006,0.000,0.463,0.122,0.585
1780257335345,0.003,0.000,0.000,0.003,0.000,0.000,0.003,0.003,0.012,0.000,0.455,0.122,0.577
1780257335381,0.000,0.000,0.003,0.003,0.000,0.000,0.003,0.003,0.012,0.000,0.472,0.130,0.602
1780257335417,0.003,0.000,0.000,0.007,0.000,0.000,0.003,0.000,0.013,0.000,0.480,0.122,0.602
1780257335457,0.000,0.000,0.000,0.000,0.000,0.000,0.000,0.000,0.000,0.000,0.472,0.122,0.594
1780257335494,0.007,0.000,0.000,0.000,0.000,0.000,0.003,0.000,0.010,0.000,0.480,0.122,0.602
1780257335538,0.003,0.000,0.000,0.003,0.000,0.000,0.003,0.003,0.012,0.000,0.463,0.122,0.585
1780257335571,0.003,0.000,0.000,0.003,0.000,0.000,0.003,0.003,0.012,0.000,0.472,0.122,0.594
1780257335613,0.000,0.000,0.000,0.003,0.000,0.000,0.003,0.000,0.006,0.000,0.455,0.122,0.577
1780257335711,0.000,0.000,0.003,0.003,0.000,0.000,0.003,0.003,0.012,0.000,0.480,0.122,0.602
1780257335775,0.003,0.000,0.000,0.003,0.003,0.000,0.003,0.003,0.015,0.000,0.472,0.122,0.594
1780257335827,0.000,0.003,0.000,0.003,0.000,0.000,0.003,0.000,0.009,0.000,0.463,0.122,0.585
1780257335866,0.000,0.000,0.000,0.003,0.000,0.000,0.003,0.000,0.006,0.000,0.472,0.122,0.594
1780257335908,0.007,0.000,0.000,0.000,0.000,0.000,0.003,0.003,0.013,0.000,0.463,0.122,0.585
1780257335943,0.003,0.000,0.000,0.003,0.000,0.000,0.003,0.000,0.009,0.000,0.480,0.130,0.610
1780257335985,0.003,0.000,0.000,0.003,0.000,0.000,0.003,0.000,0.009,0.000,0.472,0.122,0.594
1780257336026,0.003,0.000,0.000,0.003,0.000,0.000,0.003,0.000,0.009,0.000,0.480,0.122,0.602
1780257336072,0.433,0.309,0.313,0.503,0.000,0.000,0.003,0.003,1.564,0.000,0.732,0.122,0.854
1780257336109,1.778,1.082,1.348,0.696,0.000,0.000,0.003,0.000,4.907,0.000,5.111,0.113,5.224
1780257336230,2.139,3.491,8.609,4.027,0.000,0.000,0.003,0.000,18.269,0.000,14.961,0.130,15.091
1780257336295,0.667,0.780,1.902,1.443,0.000,0.000,0.003,0.000,4.795,0.000,4.175,0.138,4.313
1780257336348,0.178,0.295,0.251,0.324,0.000,0.000,0.000,0.003,1.051,0.000,1.139,0.130,1.269
1780257336384,0.032,0.058,0.036,0.040,0.000,0.003,0.000,0.000,0.169,0.000,0.724,0.130,0.854
1780257336424,0.007,0.007,0.010,0.007,0.003,0.003,0.003,0.000,0.040,0.000,0.529,0.122,0.651
1780257336463,0.003,0.003,0.003,0.007,0.000,0.000,0.003,0.000,0.019,0.000,0.496,0.122,0.618
1780257336511,0.003,0.003,0.000,0.003,0.000,0.000,0.003,0.000,0.012,0.000,0.472,0.122,0.594
1780257336546,0.003,0.000,0.003,0.003,0.000,0.000,0.003,0.000,0.012,0.000,0.472,0.122,0.594
1780257336584,0.003,0.003,0.000,0.003,0.000,0.003,0.003,0.003,0.018,0.000,0.480,0.122,0.602
1780257336620,0.003,0.000,0.000,0.007,0.003,0.000,0.000,0.000,0.013,0.000,0.472,0.122,0.594
1780257336670,0.010,0.000,0.000,0.003,0.000,0.000,0.003,0.000,0.016,0.000,0.480,0.122,0.602
1780257336775,0.003,0.000,0.000,0.003,0.000,0.000,0.003,0.000,0.009,0.000,0.488,0.122,0.610
1780257336832,0.000,0.000,0.000,0.003,0.000,0.000,0.000,0.003,0.006,0.000,0.520,0.122,0.642
1780257336872,0.000,0.000,0.003,0.003,0.000,0.000,0.003,0.000,0.009,0.000,0.504,0.122,0.626
1780257336905,0.000,0.003,0.000,0.003,0.000,0.000,0.003,0.000,0.009,0.000,0.480,0.122,0.602
1780257336936,0.000,0.000,0.000,0.003,0.000,0.000,0.003,0.000,0.006,0.000,0.480,0.122,0.602
1780257336976,0.000,0.000,0.000,0.000,0.000,0.000,0.003,0.000,0.003,0.000,0.472,0.122,0.594
1780257337010,0.000,0.003,0.000,0.003,0.000,0.000,0.003,0.000,0.009,0.000,0.480,0.122,0.602
1780257337046,0.003,0.000,0.003,0.003,0.000,0.003,0.003,0.000,0.015,0.000,0.472,0.122,0.594
1780257337075,0.003,0.003,0.000,0.003,0.000,0.000,0.003,0.000,0.012,0.000,0.480,0.122,0.602
1780257337119,0.007,0.000,0.000,0.003,0.000,0.000,0.003,0.003,0.016,0.000,0.472,0.122,0.594
1780257337150,0.003,0.000,0.003,0.003,0.000,0.000,0.003,0.000,0.012,0.000,0.472,0.122,0.594
1780257337194,0.003,0.000,0.000,0.003,0.000,0.003,0.003,0.000,0.012,0.000,0.472,0.122,0.594
1780257337272,0.003,0.000,0.000,0.000,0.000,0.000,0.000,0.003,0.006,0.000,0.480,0.122,0.602
1780257337300,0.000,0.000,0.000,0.003,0.000,0.000,0.003,0.000,0.006,0.000,0.480,0.122,0.602
1780257337352,0.000,0.000,0.000,0.003,0.000,0.000,0.003,0.000,0.006,0.000,0.472,0.122,0.594
1780257337397,0.000,0.000,0.000,0.000,0.000,0.003,0.003,0.003,0.009,0.000,0.463,0.122,0.585
1780257337433,0.003,0.000,0.000,0.003,0.000,0.000,0.000,0.000,0.006,0.000,0.472,0.122,0.594
1780257337465,0.000,0.000,0.003,0.003,0.000,0.000,0.003,0.003,0.012,0.000,0.496,0.122,0.618
1780257337502,0.000,0.000,0.000,0.003,0.000,0.003,0.000,0.000,0.006,0.000,0.463,0.122,0.585
1780257337536,0.000,0.003,0.000,0.000,0.000,0.000,0.003,0.003,0.009,0.000,0.463,0.122,0.585
1780257337578,0.065,0.054,0.018,0.061,0.000,0.000,0.003,0.003,0.204,0.000,0.496,0.122,0.618
1780257337611,0.185,0.156,0.116,0.189,0.003,0.003,0.003,0.000,0.655,0.000,0.537,0.122,0.659
1780257337654,0.393,0.393,0.328,0.451,0.000,0.000,0.003,0.000,1.568,0.000,0.643,0.122,0.765
1780257337717,0.488,0.470,0.371,0.663,0.000,0.000,0.003,0.000,1.995,0.000,0.781,0.122,0.903
1780257337813,0.798,0.696,0.561,0.659,0.000,0.000,0.003,0.000,2.717,0.000,0.830,0.122,0.952
1780257337886,0.925,0.852,0.707,0.801,0.000,0.000,0.003,0.003,3.291,0.000,0.960,0.122,1.082
1780257337923,0.882,0.914,0.794,0.831,0.003,0.000,0.003,0.000,3.427,0.000,0.944,0.122,1.066
1780257337980,1.035,0.947,0.940,0.951,0.000,0.003,0.000,0.000,3.876,0.000,1.090,0.122,1.212
1780257338019,1.272,1.129,1.064,1.279,0.000,0.003,0.003,0.000,4.750,0.000,1.383,0.113,1.496
1780257338063,1.461,1.392,1.428,1.425,0.003,0.000,0.003,0.000,5.712,0.000,1.619,0.113,1.732
1780257338096,1.589,1.472,1.479,1.516,0.000,0.000,0.003,0.000,6.059,0.000,1.774,0.113,1.887
1780257338136,1.640,1.545,1.483,1.465,0.000,0.000,0.003,0.003,6.139,0.000,1.847,0.113,1.960
1780257338181,1.607,1.472,1.479,1.425,0.000,0.000,0.003,0.003,5.989,0.000,1.807,0.113,1.920
1780257338232,1.512,1.567,1.377,1.450,0.000,0.000,0.003,0.003,5.912,0.000,1.888,0.113,2.001
1780257338317,1.443,1.428,1.315,1.465,0.000,0.000,0.007,0.000,5.658,0.000,1.831,0.113,1.944
1780257338379,1.611,1.578,1.439,1.549,0.000,0.000,0.003,0.000,6.180,0.000,2.140,0.113,2.253
1780257338413,1.567,1.538,1.414,1.501,0.000,0.000,0.003,0.003,6.026,0.000,2.108,0.122,2.230
1780257338457,1.519,1.483,1.323,1.392,0.000,0.000,0.003,0.000,5.720,0.000,2.083,0.122,2.205
1780257338494,1.447,1.403,1.283,1.396,0.000,0.000,0.003,0.000,5.532,0.000,2.018,0.122,2.140
1780257338537,1.443,1.385,1.191,1.458,0.000,0.000,0.003,0.003,5.483,0.000,2.010,0.122,2.132
1780257338582,1.385,1.381,1.268,1.377,0.000,0.000,0.000,0.000,5.411,0.000,2.059,0.122,2.181
1780257338620,1.468,1.370,1.184,1.297,0.000,0.003,0.000,0.000,5.322,0.000,1.953,0.122,2.075
1780257338663,1.224,1.093,1.038,1.075,0.000,0.000,0.003,0.007,4.440,0.000,1.823,0.122,1.945
1780257338711,1.516,1.348,1.326,1.253,0.000,0.000,0.000,0.000,5.443,0.000,2.205,0.122,2.327
1780257338772,1.450,1.301,1.345,1.173,0.000,0.003,0.003,0.003,5.278,0.000,2.140,0.122,2.262
1780257338857,1.560,1.308,1.385,1.195,0.000,0.000,0.003,0.003,5.454,0.000,2.295,0.113,2.408
1780257338933,1.527,1.301,1.410,1.166,0.000,0.000,0.003,0.000,5.407,0.000,2.360,0.122,2.482
1780257338973,1.549,1.224,1.472,1.038,0.000,0.000,0.003,0.000,5.286,0.000,2.450,0.122,2.572
1780257339020,1.826,1.239,1.822,1.144,0.003,0.000,0.003,0.000,6.037,0.000,2.946,0.122,3.068
1780257339059,2.044,1.388,2.117,1.286,0.000,0.000,0.003,0.000,6.838,0.000,3.337,0.122,3.459
1780257339111,2.212,1.312,2.114,1.170,0.000,0.000,0.003,0.003,6.814,0.000,3.459,0.122,3.581
1780257339156,2.135,1.352,1.964,1.272,0.000,0.000,0.003,0.000,6.726,0.000,3.500,0.113,3.613
1780257339197,2.030,1.345,1.957,1.250,0.000,0.000,0.003,0.000,6.585,0.000,3.418,0.122,3.540
1780257339236,2.052,1.177,1.756,1.155,0.000,0.000,0.000,0.000,6.140,0.000,3.321,0.122,3.443
1780257339269,1.924,1.108,1.640,1.093,0.000,0.000,0.003,0.003,5.771,0.000,3.109,0.122,3.231
1780257339306,1.760,1.173,1.665,1.064,0.000,0.000,0.003,0.000,5.665,0.000,3.052,0.130,3.182
1780257339385,1.523,0.980,1.498,0.914,0.000,0.000,0.003,0.003,4.921,0.000,2.743,0.122,2.865
1780257339448,1.505,0.827,1.454,0.780,0.000,0.003,0.003,0.000,4.572,0.000,2.604,0.122,2.726
1780257339480,1.589,0.765,1.396,0.736,0.000,0.000,0.003,0.000,4.489,0.000,2.507,0.122,2.629
1780257339522,1.483,0.718,1.184,0.703,0.000,0.000,0.003,0.000,4.091,0.000,2.385,0.122,2.507
1780257339550,1.479,0.725,1.126,0.776,0.000,0.000,0.003,0.000,4.109,0.000,2.376,0.122,2.498
1780257339587,1.534,0.699,1.162,0.809,0.000,0.003,0.000,0.003,4.210,0.000,2.425,0.130,2.555
1780257339616,1.541,0.652,1.100,0.783,0.000,0.003,0.003,0.000,4.082,0.000,2.368,0.130,2.498
1780257339670,1.374,0.707,1.078,0.798,0.000,0.003,0.003,0.000,3.963,0.000,2.319,0.130,2.449
1780257339709,1.479,0.718,1.159,0.801,0.000,0.003,0.000,0.000,4.160,0.000,2.417,0.130,2.547
1780257339756,1.399,0.619,1.151,0.787,0.000,0.000,0.003,0.000,3.959,0.000,2.385,0.130,2.515
1780257339797,1.618,0.699,1.224,0.885,0.000,0.000,0.003,0.000,4.429,0.000,2.612,0.122,2.734
1780257339838,1.651,0.623,1.177,0.761,0.000,0.000,0.003,0.000,4.215,0.000,2.344,0.130,2.474
1780257339920,1.680,0.765,1.283,0.911,0.000,0.000,0.003,0.000,4.642,0.000,2.637,0.130,2.767
1780257340004,1.319,0.422,1.038,0.535,0.000,0.003,0.003,0.000,3.320,0.000,2.157,0.130,2.287
1780257340038,1.443,0.470,1.038,0.608,0.000,0.000,0.003,0.000,3.562,0.000,2.311,0.130,2.441
1780257340080,1.527,0.543,1.345,0.564,0.000,0.000,0.000,0.000,3.979,0.000,2.368,0.130,2.498
1780257340119,1.716,0.317,1.483,0.422,0.000,0.000,0.003,0.000,3.941,0.000,2.645,0.130,2.775
1780257340161,1.979,0.338,1.516,0.477,0.000,0.003,0.000,0.000,4.313,0.000,2.710,0.130,2.840
1780257340198,1.826,0.313,1.221,0.481,0.000,0.003,0.003,0.000,3.847,0.000,2.482,0.130,2.612
1780257340238,1.764,0.262,1.483,0.349,0.000,0.003,0.000,0.000,3.861,0.000,2.653,0.130,2.783
1780257340273,1.928,0.411,1.432,0.430,0.000,0.003,0.003,0.000,4.207,0.000,2.751,0.130,2.881
1780257340318,1.902,0.349,1.293,0.521,0.000,0.000,0.003,0.003,4.071,0.000,2.564,0.130,2.694
1780257340349,1.709,0.291,1.272,0.473,0.003,0.003,0.003,0.000,3.754,0.000,2.490,0.130,2.620
1780257340424,1.778,0.284,1.264,0.473,0.000,0.000,0.003,0.007,3.809,0.000,2.515,0.130,2.645
1780257340457,1.662,0.280,1.246,0.466,0.000,0.000,0.003,0.000,3.657,0.000,2.498,0.130,2.628
1780257340519,1.829,0.273,1.202,0.586,0.000,0.000,0.003,0.003,3.896,0.000,2.515,0.130,2.645
1780257340555,1.775,0.277,1.188,0.572,0.000,0.003,0.003,0.000,3.818,0.000,2.507,0.130,2.637
1780257340597,1.807,0.284,1.206,0.623,0.000,0.000,0.003,0.003,3.926,0.000,2.515,0.130,2.645
1780257340636,1.738,0.309,1.202,0.729,0.000,0.000,0.000,0.003,3.981,0.000,2.547,0.130,2.677
1780257340683,1.683,0.317,1.264,0.594,0.000,0.003,0.000,0.003,3.864,0.000,2.523,0.130,2.653
1780257340740,1.851,0.317,1.232,0.583,0.000,0.000,0.003,0.000,3.986,0.000,2.523,0.130,2.653
1780257340790,2.030,0.200,1.472,0.393,0.000,0.000,0.003,0.003,4.101,0.000,2.962,0.130,3.092
1780257340820,2.252,0.185,1.592,0.320,0.000,0.000,0.003,0.000,4.352,0.000,3.036,0.130,3.166
1780257340857,2.223,0.189,1.545,0.291,0.000,0.000,0.000,0.000,4.248,0.000,3.011,0.130,3.141
1780257340933,2.092,0.167,1.607,0.247,0.000,0.000,0.000,0.000,4.113,0.000,2.987,0.130,3.117
1780257340973,2.248,0.164,1.479,0.266,0.003,0.007,0.003,0.000,4.170,0.000,3.085,0.130,3.215
1780257341044,2.197,0.160,1.530,0.324,0.000,0.003,0.003,0.000,4.217,0.000,3.085,0.130,3.215
1780257341077,2.259,0.156,1.315,0.313,0.000,0.000,0.003,0.003,4.049,0.000,2.987,0.130,3.117
1780257341122,2.143,0.156,1.417,0.390,0.003,0.000,0.003,0.003,4.115,0.000,3.076,0.130,3.206
1780257341178,2.154,0.164,1.210,0.393,0.000,0.000,0.003,0.000,3.924,0.000,2.881,0.130,3.011
1780257341215,2.562,0.120,1.498,0.331,0.000,0.003,0.003,0.003,4.520,0.000,3.532,0.130,3.662
1780257341257,2.861,0.098,1.767,0.222,0.000,0.000,0.003,0.000,4.951,0.000,3.890,0.130,4.020
1780257341314,2.803,0.083,1.614,0.153,0.000,0.000,0.003,0.000,4.656,0.000,3.793,0.130,3.923
1780257341348,2.587,0.087,1.494,0.193,0.000,0.000,0.003,0.000,4.364,0.000,3.589,0.130,3.719
1780257341383,2.507,0.091,1.458,0.160,0.000,0.000,0.003,0.000,4.219,0.000,3.483,0.130,3.613
1780257341463,2.598,0.091,1.188,0.473,0.000,0.000,0.003,0.000,4.353,0.000,3.386,0.130,3.516
1780257341500,3.021,0.437,1.745,0.437,0.000,0.003,0.003,0.000,5.646,0.000,4.802,0.130,4.932
1780257341560,3.400,1.283,1.939,0.145,0.000,0.003,0.003,0.000,6.773,0.000,5.063,0.138,5.201
1780257341614,3.014,0.878,1.618,0.047,0.000,0.003,0.003,0.000,5.563,0.000,4.672,0.130,4.802
1780257341665,3.185,1.950,1.607,0.459,0.000,0.000,0.003,0.000,7.204,0.000,5.470,0.130,5.600
1780257341707,3.415,2.959,1.683,0.936,0.000,0.000,0.003,0.000,8.996,0.000,6.935,0.130,7.065
1780257341764,1.443,2.609,3.674,2.839,0.000,0.000,0.000,0.000,10.565,0.000,8.571,0.138,8.709
1780257341804,0.925,2.817,1.709,2.569,0.000,0.000,0.000,0.000,8.020,0.000,6.064,0.138,6.202
1780257341843,0.244,1.078,0.298,1.046,0.000,0.003,0.000,0.000,2.669,0.000,2.490,0.130,2.620
1780257341888,0.029,0.112,0.032,0.091,0.000,0.003,0.003,0.003,0.273,0.000,0.822,0.130,0.952
1780257341964,0.003,0.003,0.003,0.003,0.000,0.000,0.003,0.003,0.018,0.000,0.488,0.122,0.610
1780257342003,0.003,0.003,0.003,0.003,0.000,0.003,0.000,0.003,0.018,0.000,0.488,0.122,0.610
1780257342059,0.003,0.000,0.000,0.003,0.000,0.000,0.000,0.003,0.009,0.000,0.480,0.122,0.602
1780257342120,0.007,0.000,0.003,0.000,0.000,0.000,0.003,0.000,0.013,0.000,0.463,0.122,0.585
1780257342156,0.003,0.000,0.000,0.003,0.000,0.003,0.003,0.000,0.012,0.000,0.472,0.122,0.594
1780257342211,0.003,0.000,0.000,0.003,0.000,0.003,0.003,0.000,0.012,0.000,0.480,0.122,0.602
1780257342246,0.000,0.000,0.000,0.003,0.000,0.000,0.003,0.000,0.006,0.000,0.472,0.122,0.594
1780257342284,0.007,0.000,0.003,0.003,0.000,0.000,0.003,0.003,0.019,0.000,0.496,0.122,0.618
1780257342312,0.003,0.000,0.000,0.003,0.000,0.000,0.003,0.000,0.009,0.000,0.488,0.130,0.618
1780257342370,0.000,0.000,0.000,0.003,0.000,0.003,0.003,0.000,0.009,0.000,0.472,0.122,0.594
1780257342404,0.003,0.000,0.000,0.003,0.000,0.000,0.003,0.003,0.012,0.000,0.472,0.122,0.594
1780257342483,0.003,0.000,0.003,0.003,0.000,0.003,0.000,0.003,0.015,0.000,0.472,0.122,0.594
1780257342541,0.000,0.000,0.000,0.003,0.000,0.000,0.003,0.000,0.006,0.000,0.472,0.122,0.594
1780257342570,0.000,0.000,0.000,0.003,0.000,0.003,0.003,0.000,0.009,0.000,0.472,0.130,0.602
1780257342625,0.000,0.000,0.000,0.003,0.000,0.000,0.003,0.000,0.006,0.000,0.472,0.122,0.594
1780257342678,0.000,0.000,0.000,0.003,0.000,0.000,0.003,0.000,0.006,0.000,0.472,0.130,0.602
1780257342709,0.000,0.000,0.000,0.003,0.000,0.000,0.000,0.003,0.006,0.000,0.480,0.122,0.602
1780257342745,0.000,0.000,0.000,0.003,0.000,0.000,0.003,0.000,0.006,0.000,0.480,0.122,0.602
1780257342775,0.000,0.000,0.000,0.003,0.000,0.003,0.003,0.000,0.009,0.000,0.480,0.122,0.602
1780257342824,0.160,0.196,0.164,0.127,0.000,0.003,0.003,0.003,0.656,0.000,0.537,0.122,0.659
1780257342869,1.016,0.958,0.947,0.882,0.000,0.000,0.003,0.003,3.809,0.000,1.440,0.113,1.553
1780257342912,2.241,2.190,2.179,2.135,0.000,0.000,0.003,0.000,8.748,0.000,2.669,0.097,2.766
1780257343019,2.573,2.420,2.598,2.573,0.000,0.000,0.000,0.000,10.164,0.000,3.223,0.097,3.320
1780257343060,1.811,1.917,1.939,1.388,0.000,0.000,0.003,0.003,7.061,0.000,1.684,0.122,1.806
1780257343106,0.652,0.696,0.572,0.492,0.000,0.000,0.003,0.000,2.415,0.000,0.838,0.122,0.960
1780257343181,0.488,0.444,0.371,0.346,0.000,0.000,0.003,0.003,1.655,0.000,0.667,0.122,0.789
1780257343222,0.266,0.156,0.120,0.138,0.000,0.000,0.003,0.000,0.683,0.000,0.537,0.122,0.659
1780257343273,0.021,0.014,0.014,0.010,0.000,0.003,0.003,0.000,0.065,0.000,0.496,0.122,0.618
1780257343317,0.003,0.003,0.003,0.003,0.000,0.000,0.003,0.003,0.018,0.000,0.480,0.122,0.602
1780257343348,0.003,0.003,0.003,0.003,0.000,0.000,0.000,0.003,0.015,0.000,0.472,0.122,0.594
1780257343381,0.000,0.000,0.003,0.003,0.000,0.000,0.003,0.000,0.009,0.000,0.472,0.122,0.594
1780257343413,0.003,0.000,0.000,0.003,0.000,0.003,0.000,0.000,0.009,0.000,0.472,0.122,0.594
1780257343464,0.000,0.000,0.000,0.003,0.000,0.000,0.003,0.000,0.006,0.000,0.472,0.122,0.594
1780257343561,2.332,2.081,2.194,2.219,0.000,0.000,0.003,0.007,8.836,0.000,2.759,0.097,2.856
1780257343620,6.353,5.762,6.797,6.396,0.000,0.000,0.000,0.000,25.308,0.000,21.921,0.130,22.051
1780257343672,7.559,2.587,7.942,4.228,0.000,0.000,0.003,0.000,22.319,0.000,21.497,0.138,21.635
1780257343709,6.786,3.499,7.206,5.850,0.000,0.000,0.000,0.000,23.341,0.000,22.661,0.146,22.807
1780257343763,6.065,3.273,6.236,4.971,0.000,0.000,0.003,0.000,20.548,0.000,19.674,0.138,19.812
1780257343798,5.708,3.360,5.861,4.924,0.000,0.000,0.003,0.000,19.856,0.000,19.796,0.146,19.942
1780257343833,5.299,3.517,5.438,4.672,0.000,0.000,0.003,0.000,18.929,0.000,18.453,0.146,18.599
1780257343863,4.847,3.451,4.975,4.322,0.000,0.000,0.003,0.000,17.598,0.000,17.598,0.146,17.744
1780257343906,4.906,3.892,5.022,3.983,0.000,0.000,0.000,0.003,17.806,0.000,17.207,0.146,17.353
1780257343939,4.428,3.958,4.031,2.813,0.000,0.000,0.000,0.000,15.230,0.000,13.724,0.146,13.870
1780257343976,4.264,4.217,1.501,1.345,0.000,0.000,0.003,0.003,11.333,0.000,10.183,0.146,10.329
1780257344080,2.664,3.790,0.032,0.109,0.000,0.000,0.000,0.000,6.595,0.000,6.788,0.138,6.926
1780257344119,2.325,2.923,1.199,0.211,0.000,0.000,0.003,0.003,6.664,0.000,4.916,0.138,5.054
1780257344173,1.990,0.331,3.397,0.160,0.000,0.000,0.003,0.003,5.884,0.000,4.566,0.130,4.696
1780257344226,1.239,0.171,3.360,0.174,0.000,0.000,0.003,0.003,4.950,0.000,3.711,0.138,3.849
1780257344264,1.487,0.171,2.474,0.338,0.000,0.003,0.003,0.000,4.476,0.000,3.492,0.138,3.630
1780257344310,1.913,0.419,0.787,1.268,0.000,0.000,0.003,0.003,4.393,0.000,3.142,0.130,3.272
1780257344365,1.917,1.042,0.287,1.899,0.000,0.000,0.003,0.000,5.148,0.000,3.475,0.130,3.605
1780257344402,2.205,1.494,0.189,1.917,0.000,0.000,0.003,0.000,5.808,0.000,3.947,0.130,4.077
1780257344439,2.358,1.702,0.153,1.778,0.000,0.003,0.003,0.000,5.997,0.000,4.102,0.130,4.232
1780257344468,2.493,1.782,0.160,1.833,0.000,0.000,0.003,0.003,6.274,0.000,4.314,0.130,4.444
1780257344513,2.529,2.187,0.171,1.862,0.000,0.003,0.003,0.000,6.755,0.000,4.379,0.130,4.509
1780257344609,2.722,2.310,0.138,1.950,0.000,0.000,0.003,0.003,7.126,0.000,4.753,0.122,4.875
1780257344662,2.427,1.159,0.032,6.269,0.000,0.000,0.003,0.000,9.890,0.000,8.555,0.130,8.685
1780257344716,2.270,0.991,0.029,7.377,0.000,0.000,0.003,0.000,10.670,0.000,9.605,0.138,9.743
1780257344752,2.934,0.688,0.040,6.728,0.000,0.000,0.003,0.003,10.396,0.000,9.930,0.130,10.060
1780257344807,3.247,0.269,0.054,6.119,0.000,0.000,0.003,0.000,9.692,0.000,9.230,0.138,9.368
1780257344838,2.886,0.189,0.047,5.883,0.000,0.000,0.000,0.003,9.008,0.000,9.059,0.138,9.197
1780257344875,3.360,0.164,0.047,5.562,0.000,0.003,0.003,0.000,9.139,0.000,9.051,0.138,9.189
1780257344909,3.225,0.149,0.051,4.949,0.000,0.003,0.003,0.007,8.387,0.000,8.351,0.138,8.489
1780257344959,3.207,0.138,0.051,4.687,0.000,0.000,0.003,0.000,8.086,0.000,8.180,0.138,8.318
1780257344993,3.244,0.127,0.047,4.381,0.000,0.000,0.003,0.003,7.805,0.000,7.781,0.138,7.919
1780257345037,2.923,1.702,2.223,4.155,0.000,0.000,0.003,0.000,11.006,0.000,7.586,0.130,7.716
1780257345130,3.422,2.945,3.109,2.420,0.000,0.000,0.003,0.000,11.899,0.000,7.277,0.130,7.407
1780257345171,3.233,2.926,4.199,3.090,0.000,0.000,0.003,0.000,13.451,0.000,8.864,0.130,8.994
1780257345223,3.677,4.862,1.891,0.980,0.003,0.000,0.000,0.003,11.416,0.000,7.521,0.130,7.651
1780257345287,3.007,5.321,0.298,0.222,0.000,0.000,0.003,0.000,8.851,0.000,6.202,0.130,6.332
1780257345323,2.478,4.585,0.156,0.164,0.000,0.000,0.003,0.003,7.389,0.000,5.681,0.130,5.811
1780257345361,2.354,3.240,2.525,2.602,0.000,0.000,0.003,0.000,10.724,0.000,7.106,0.130,7.236
1780257345404,2.332,2.121,3.819,4.035,0.000,0.003,0.003,0.000,12.313,0.000,8.229,0.130,8.359
1780257345444,3.222,1.370,3.251,4.158,0.000,0.000,0.003,0.000,12.004,0.000,8.644,0.138,8.782
1780257345480,3.382,1.312,1.490,4.246,0.000,0.000,0.003,0.000,10.433,0.000,8.164,0.138,8.302
1780257345523,2.868,3.397,2.026,3.841,0.000,0.000,0.003,0.000,12.135,0.000,10.305,0.122,10.427
1780257345571,1.891,3.659,3.637,4.173,0.000,0.003,0.003,0.000,13.366,0.000,10.834,0.130,10.964
1780257345657,1.961,4.891,5.339,3.411,0.000,0.000,0.003,0.003,15.608,0.000,14.798,0.138,14.936
1780257345711,0.674,4.122,4.804,1.654,0.000,0.000,0.003,0.000,11.257,0.000,10.940,0.138,11.078
1780257345762,0.200,4.279,4.297,0.397,0.000,0.000,0.000,0.000,9.173,0.000,9.230,0.138,9.368
1780257345805,0.127,3.896,2.711,0.236,0.000,0.000,0.003,0.000,6.973,0.000,7.032,0.138,7.170
1780257345854,0.072,3.645,1.538,0.160,0.000,0.000,0.003,0.003,5.421,0.000,5.470,0.130,5.600
1780257345889,0.069,3.196,1.858,0.149,0.000,0.003,0.003,0.000,5.278,0.000,5.201,0.130,5.331
1780257345929,0.091,3.094,3.145,0.123,0.000,0.000,0.003,0.000,6.456,0.000,6.438,0.130,6.568
1780257345972,0.178,2.700,3.109,0.167,0.000,0.000,0.003,0.000,6.157,0.000,5.681,0.138,5.819
1780257346026,0.036,0.510,0.572,0.036,0.000,0.003,0.003,0.003,1.163,0.000,1.953,0.130,2.083
1780257346055,0.007,0.109,0.116,0.007,0.000,0.003,0.000,0.003,0.245,0.000,1.082,0.130,1.212
1780257346087,0.003,0.025,0.029,0.003,0.000,0.000,0.000,0.003,0.063,0.000,0.724,0.122,0.846
1780257346170,0.003,0.003,0.007,0.003,0.000,0.000,0.003,0.000,0.019,0.000,0.455,0.122,0.577
1780257346199,0.003,0.003,0.003,0.003,0.000,0.000,0.003,0.003,0.018,0.000,0.455,0.122,0.577
1780257346237,0.003,0.000,0.003,0.003,0.000,0.000,0.003,0.000,0.012,0.000,0.447,0.130,0.577
1780257346292,0.000,0.003,0.000,0.007,0.000,0.000,0.003,0.003,0.016,0.000,0.463,0.122,0.585
1780257346346,0.007,0.000,0.000,0.003,0.000,0.000,0.003,0.000,0.013,0.000,0.472,0.122,0.594
1780257346386,0.000,0.000,0.003,0.003,0.000,0.003,0.000,0.000,0.009,0.000,0.488,0.122,0.610
1780257346427,0.000,0.000,0.000,0.003,0.000,0.000,0.003,0.003,0.009,0.000,0.480,0.122,0.602
1780257346479,0.000,0.000,0.000,0.003,0.000,0.000,0.000,0.000,0.003,0.000,0.463,0.122,0.585
1780257346534,0.000,0.000,0.000,0.003,0.000,0.000,0.003,0.000,0.006,0.000,0.472,0.122,0.594
1780257346575,0.000,0.000,0.003,0.003,0.000,0.000,0.003,0.003,0.012,0.000,0.480,0.122,0.602
1780257346629,0.000,0.003,0.000,0.003,0.000,0.000,0.003,0.003,0.012,0.000,0.480,0.122,0.602
1780257346703,0.003,0.000,0.000,0.003,0.000,0.000,0.003,0.003,0.012,0.000,0.480,0.122,0.602
1780257346733,0.003,0.000,0.000,0.007,0.000,0.003,0.003,0.000,0.016,0.000,0.472,0.122,0.594
1780257346788,0.258,0.233,0.145,0.287,0.000,0.000,0.003,0.000,0.926,0.000,0.586,0.122,0.708
1780257346848,2.139,2.179,1.767,2.117,0.000,0.000,0.003,0.003,8.208,0.000,3.215,0.105,3.320
1780257346884,4.016,3.787,3.626,3.583,0.000,0.000,0.003,0.003,15.018,0.000,8.587,0.073,8.660
1780257346932,6.076,5.864,5.259,5.219,0.000,0.000,0.003,0.000,22.421,0.000,16.100,0.073,16.173
1780257346968,6.411,6.207,4.891,4.782,0.000,0.003,0.000,0.003,22.297,0.000,19.706,0.105,19.811
1780257347013,6.502,6.181,4.137,4.709,0.000,0.000,0.003,0.003,21.535,0.000,20.561,0.130,20.691
1780257347076,5.602,4.093,3.411,4.825,0.000,0.000,0.000,0.000,17.931,0.000,16.491,0.130,16.621
1780257347111,5.245,3.641,2.850,4.796,0.000,0.000,0.003,0.000,16.535,0.000,14.839,0.130,14.969
1780257347152,4.938,2.886,2.296,4.527,0.000,0.000,0.003,0.000,14.650,0.000,13.227,0.138,13.365
1780257347233,4.024,2.001,1.694,3.623,0.000,0.000,0.000,0.003,11.345,0.000,10.720,0.130,10.850
1780257347265,3.145,2.037,1.352,3.550,0.000,0.000,0.003,0.000,10.087,0.000,9.247,0.138,9.385
1780257347309,0.976,2.387,0.298,3.798,0.000,0.000,0.003,0.000,7.462,0.000,6.910,0.138,7.048
1780257347373,0.109,2.267,3.036,2.762,0.000,0.003,0.003,0.000,8.180,0.000,5.673,0.130,5.803
1780257347406,0.083,1.862,3.240,2.573,0.000,0.000,0.000,0.000,7.758,0.000,5.160,0.130,5.290
1780257347447,0.532,0.922,1.680,2.445,0.000,0.000,0.003,0.000,5.582,0.000,4.061,0.130,4.191
1780257347481,2.201,0.470,0.750,2.179,0.000,0.000,0.003,0.000,5.603,0.000,6.943,0.130,7.073
1780257347540,3.699,0.120,0.998,2.642,0.000,0.000,0.003,0.000,7.462,0.000,6.691,0.130,6.821
1780257347591,4.173,0.065,0.269,2.835,0.000,0.000,0.003,0.003,7.348,0.000,7.488,0.130,7.618
1780257347624,4.282,0.072,0.200,2.879,0.003,0.000,0.003,0.000,7.439,0.000,7.553,0.130,7.683
1780257347669,3.870,0.094,0.134,3.028,0.000,0.003,0.003,0.000,7.132,0.000,7.448,0.130,7.578
1780257347744,1.319,0.149,0.029,2.883,0.000,0.000,0.000,0.000,4.380,0.000,4.639,0.130,4.769
1780257347779,0.936,0.174,2.686,2.926,0.000,0.000,0.003,0.000,6.725,0.000,4.599,0.122,4.721
1780257347833,0.138,0.207,4.913,2.569,0.000,0.000,0.003,0.003,7.833,0.000,4.485,0.113,4.598
1780257347891,0.109,0.134,4.705,2.135,0.000,0.000,0.003,0.000,7.086,0.000,4.118,0.113,4.231
1780257347927,0.142,0.112,4.556,1.964,0.000,0.000,0.000,0.003,6.777,0.000,3.915,0.122,4.037
1780257347977,0.185,0.098,3.743,2.066,0.000,0.000,0.003,0.003,6.098,0.000,3.988,0.122,4.110
1780257348010,0.375,0.069,4.013,2.321,0.000,0.000,0.003,0.000,6.781,0.000,4.118,0.122,4.240
1780257348060,1.931,0.054,3.043,2.179,0.000,0.000,0.003,0.003,7.213,0.000,4.232,0.113,4.345
1780257348121,4.589,0.018,0.390,2.464,0.000,0.000,0.003,0.003,7.467,0.000,6.666,0.130,6.796
1780257348161,5.795,0.014,0.167,2.686,0.000,0.000,0.007,0.000,8.669,0.000,8.660,0.130,8.790
1780257348199,4.949,0.014,0.153,3.491,0.000,0.000,0.003,0.000,8.610,0.000,8.123,0.130,8.253
1780257348295,4.880,0.018,0.080,3.287,0.000,0.000,0.003,0.003,8.271,0.000,8.424,0.130,8.554
1780257348334,4.104,0.652,1.662,3.608,0.000,0.000,0.000,0.003,10.029,0.000,9.727,0.130,9.857
1780257348379,4.096,1.592,3.615,3.109,0.000,0.000,0.003,0.000,12.415,0.000,12.592,0.130,12.722
1780257348429,4.450,1.286,3.590,1.600,0.000,0.000,0.003,0.000,10.929,0.000,10.516,0.138,10.654
1780257348463,3.408,0.663,3.342,0.969,0.000,0.000,0.003,0.000,8.385,0.000,8.058,0.146,8.204
1780257348503,1.592,0.098,3.028,2.992,0.000,0.003,0.003,0.000,7.716,0.000,5.803,0.130,5.933
1780257348542,0.732,0.043,3.054,3.994,0.000,0.000,0.003,0.003,7.829,0.000,5.152,0.130,5.282
1780257348609,0.324,0.032,2.227,4.169,0.000,0.000,0.003,0.003,6.758,0.000,4.257,0.130,4.387
1780257348651,0.754,4.093,2.230,5.955,0.000,0.003,0.003,0.000,13.038,0.000,9.116,0.122,9.238
1780257348688,0.455,2.493,1.301,5.343,0.000,0.000,0.003,0.000,9.595,0.000,4.940,0.138,5.078
1780257348740,0.047,0.266,0.058,0.918,0.000,0.000,0.003,0.003,1.295,0.000,1.522,0.130,1.652
1780257348812,0.003,0.003,0.007,0.025,0.000,0.000,0.003,0.003,0.044,0.000,0.594,0.130,0.724
1780257348843,0.003,0.000,0.003,0.010,0.000,0.003,0.003,0.000,0.022,0.000,0.529,0.130,0.659
1780257348896,0.003,0.000,0.003,0.003,0.000,0.000,0.003,0.000,0.012,0.000,0.463,0.130,0.593
1780257348935,0.000,0.000,0.003,0.003,0.000,0.000,0.000,0.003,0.009,0.000,0.472,0.122,0.594
1780257348973,0.003,0.000,0.003,0.003,0.000,0.003,0.003,0.000,0.015,0.000,0.472,0.130,0.602
1780257349007,0.003,0.000,0.003,0.003,0.000,0.000,0.003,0.003,0.015,0.000,0.472,0.130,0.602
1780257349056,0.003,0.003,0.003,0.003,0.000,0.000,0.003,0.000,0.015,0.000,0.472,0.130,0.602
1780257349092,0.000,0.003,0.000,0.000,0.000,0.000,0.003,0.003,0.009,0.000,0.480,0.122,0.602
1780257349137,0.000,0.000,0.000,0.003,0.000,0.000,0.003,0.003,0.009,0.000,0.488,0.130,0.618
1780257349169,0.000,0.000,0.003,0.003,0.000,0.000,0.003,0.003,0.012,0.000,0.480,0.122,0.602
1780257349215,0.003,0.000,0.000,0.007,0.000,0.000,0.003,0.003,0.016,0.000,0.480,0.122,0.602
1780257349251,0.317,0.269,0.247,0.204,0.000,0.000,0.000,0.000,1.037,0.000,0.602,0.122,0.724
1780257349331,3.404,3.127,2.500,3.112,0.000,0.003,0.003,0.003,12.152,0.000,4.810,0.122,4.932
1780257349381,6.345,6.313,6.079,6.025,0.000,0.000,0.000,0.000,24.762,0.000,21.212,0.122,21.334
1780257349418,6.961,6.947,6.079,4.731,0.000,0.000,0.000,0.003,24.721,0.000,22.466,0.146,22.612
1780257349470,6.586,7.067,4.341,2.507,0.000,0.000,0.003,0.000,20.504,0.000,20.594,0.138,20.732
1780257349520,5.726,5.963,4.563,4.049,0.000,0.000,0.003,0.000,20.304,0.000,19.690,0.146,19.836
1780257349550,5.088,5.507,4.271,4.009,0.000,0.000,0.000,0.000,18.875,0.000,18.412,0.138,18.550
1780257349587,4.767,5.179,3.962,3.575,0.000,0.000,0.003,0.000,17.486,0.000,17.167,0.138,17.305
1780257349621,2.617,5.033,3.954,1.851,0.000,0.003,0.000,0.003,13.461,0.000,13.129,0.154,13.283
1780257349675,4.191,4.235,3.849,3.830,0.000,0.000,0.003,0.003,16.111,0.000,11.379,0.138,11.517
1780257349709,5.722,2.391,3.732,6.991,0.000,0.000,0.003,0.000,18.839,0.000,16.410,0.154,16.564
1780257349747,5.030,0.874,3.174,9.312,0.000,0.003,0.000,0.000,18.393,0.000,16.182,0.138,16.320
1780257349775,3.593,0.685,2.558,9.495,0.000,0.000,0.003,0.000,16.334,0.000,16.263,0.130,16.393
1780257349857,6.641,2.464,2.690,7.297,0.000,0.000,0.003,0.000,19.095,0.000,18.437,0.138,18.575
1780257349892,6.039,2.336,2.762,7.771,0.000,0.000,0.000,0.000,18.908,0.000,18.770,0.138,18.908
1780257349940,5.576,0.944,1.148,7.694,0.000,0.000,0.003,0.000,15.365,0.000,13.976,0.146,14.122
1780257350000,4.753,0.204,0.153,7.450,0.000,0.003,0.003,0.003,12.569,0.000,12.283,0.146,12.429
1780257350038,3.827,0.138,0.083,7.246,0.000,0.000,0.003,0.000,11.297,0.000,10.891,0.138,11.029
1780257350094,4.625,0.127,0.080,6.477,0.000,0.000,0.003,0.000,11.312,0.000,11.233,0.138,11.371
1780257350150,3.568,0.160,0.102,6.061,0.000,0.000,0.003,0.000,9.894,0.000,10.020,0.138,10.158
1780257350197,3.757,0.667,0.233,5.999,0.000,0.000,0.003,0.000,10.659,0.000,10.093,0.130,10.223
1780257350234,4.027,0.922,0.291,5.412,0.000,0.003,0.003,0.000,10.658,0.000,10.101,0.138,10.239
1780257350294,4.224,0.167,0.083,5.208,0.000,0.000,0.003,0.000,9.685,0.000,9.548,0.138,9.686
1780257350377,2.256,1.622,2.230,5.110,0.000,0.000,0.003,0.000,11.221,0.000,8.001,0.138,8.139
1780257350437,0.477,4.140,5.146,4.082,4.629,3.991,0.003,0.007,22.475,0.000,11.062,7.212,18.274
1780257350491,1.024,4.774,6.553,4.301,2.762,2.795,0.003,0.007,22.219,0.000,14.082,5.510,19.592
1780257350529,0.758,4.935,6.415,4.173,2.205,2.219,0.003,0.003,20.711,0.000,15.042,4.379,19.421
1780257350572,0.626,4.731,6.542,4.242,1.869,1.895,0.003,0.003,19.911,0.000,15.710,3.874,19.584
1780257350603,0.477,4.771,6.149,3.109,2.004,2.095,0.003,0.003,18.611,0.000,13.585,4.200,17.785
1780257350640,0.222,4.359,5.726,0.995,2.176,2.190,0.003,0.003,15.674,0.000,11.021,4.533,15.554
1780257350681,0.244,4.239,4.975,0.342,2.471,2.682,0.003,0.003,14.959,0.000,9.759,5.022,14.781
1780257350732,0.218,3.929,4.359,0.200,2.456,2.387,0.003,0.003,13.555,0.000,8.799,4.802,13.601
1780257350762,0.182,3.783,4.158,0.178,2.318,2.369,0.003,0.003,12.994,0.000,8.286,4.908,13.194
1780257350806,0.149,3.466,3.692,0.153,2.412,2.682,0.003,0.007,12.564,0.000,7.480,5.046,12.526
1780257350873,0.211,2.930,3.466,0.207,2.704,2.846,0.003,0.003,12.370,0.000,6.992,5.404,12.396
1780257350941,1.239,2.730,3.123,0.780,2.730,2.671,0.003,0.007,13.283,0.000,7.562,5.453,13.015
1780257351002,3.145,2.234,2.664,3.178,2.562,2.507,0.003,0.003,16.296,0.000,10.891,5.209,16.100
1780257351055,2.963,0.871,1.086,2.919,0.827,1.016,0.000,0.000,9.682,0.000,7.301,2.205,9.506
1780257351090,2.117,0.473,0.284,1.250,0.102,0.131,0.003,0.000,4.360,0.000,3.378,0.765,4.143
1780257351139,0.131,0.036,0.040,0.076,0.010,0.014,0.007,0.000,0.314,0.000,1.090,0.276,1.366
1780257351166,0.029,0.014,0.010,0.029,0.003,0.007,0.003,0.000,0.095,0.000,0.805,0.211,1.016
1780257351202,0.007,0.007,0.003,0.010,0.003,0.003,0.000,0.000,0.033,0.000,0.569,0.154,0.723
1780257351234,0.007,0.003,0.003,0.007,0.000,0.003,0.003,0.003,0.029,0.000,0.488,0.146,0.634
1780257351283,0.003,0.003,0.003,0.007,0.003,0.000,0.003,0.000,0.022,0.000,0.463,0.138,0.601
1780257351316,0.003,0.003,0.000,0.007,0.000,0.003,0.003,0.003,0.022,0.000,0.472,0.138,0.610
1780257351370,0.003,0.000,0.000,0.003,0.003,0.000,0.003,0.000,0.012,0.000,0.488,0.138,0.626
1780257351407,0.003,0.003,0.003,0.007,0.003,0.003,0.003,0.000,0.025,0.000,0.480,0.138,0.618
1780257351456,0.003,0.000,0.003,0.003,0.000,0.000,0.003,0.003,0.015,0.000,0.488,0.138,0.626
1780257351510,0.000,0.003,0.003,0.003,0.000,0.000,0.003,0.000,0.012,0.000,0.496,0.138,0.634
1780257351558,0.000,0.000,0.000,0.000,0.000,0.003,0.003,0.000,0.006,0.000,0.480,0.138,0.618
1780257351623,0.000,0.000,0.000,0.000,0.000,0.000,0.003,0.003,0.006,0.000,0.488,0.138,0.626
1780257351659,0.003,0.000,0.000,0.003,0.000,0.000,0.000,0.000,0.006,0.000,0.480,0.138,0.618
1780257351718,0.003,0.000,0.000,0.003,0.000,0.000,0.003,0.000,0.009,0.000,0.488,0.138,0.626
1780257351762,0.003,0.000,0.000,0.003,0.000,0.000,0.003,0.003,0.012,0.000,0.472,0.138,0.610
1780257351795,0.000,0.000,0.000,0.003,0.000,0.000,0.003,0.000,0.006,0.000,0.472,0.138,0.610
1780257351848,0.000,0.000,0.003,0.003,0.000,0.000,0.003,0.000,0.009,0.000,0.480,0.138,0.618
1780257351912,0.003,0.000,0.007,0.003,0.000,0.003,0.003,0.003,0.022,0.000,0.488,0.138,0.626
1780257351964,0.000,0.000,0.003,0.000,0.003,0.000,0.003,0.003,0.012,0.000,0.480,0.130,0.610
1780257352034,0.003,0.000,0.000,0.003,0.000,0.000,0.000,0.000,0.006,0.000,0.504,0.138,0.642
1780257352065,0.000,0.000,0.000,0.003,0.000,0.000,0.003,0.000,0.006,0.000,0.520,0.130,0.650
1780257352116,0.003,0.000,0.000,0.003,0.000,0.000,0.003,0.000,0.009,0.000,0.488,0.130,0.618
1780257352156,0.003,0.000,0.000,0.003,0.000,0.000,0.003,0.003,0.012,0.000,0.472,0.130,0.602
1780257352191,0.000,0.000,0.000,0.003,0.000,0.000,0.000,0.000,0.003,0.000,0.472,0.138,0.610
1780257352221,0.000,0.000,0.003,0.003,0.000,0.000,0.000,0.003,0.009,0.000,0.472,0.138,0.610
1780257352263,0.000,0.003,0.003,0.003,0.000,0.000,0.000,0.003,0.012,0.000,0.472,0.130,0.602
1780257352303,0.003,0.000,0.000,0.003,0.000,0.000,0.003,0.000,0.009,0.000,0.472,0.138,0.610
1780257352339,0.000,0.000,0.003,0.000,0.000,0.000,0.003,0.003,0.009,0.000,0.488,0.138,0.626
1780257352374,0.616,0.539,0.510,0.521,0.000,0.000,0.003,0.000,2.189,0.000,0.903,0.138,1.041
1780257352450,5.004,5.161,5.321,5.168,0.000,0.000,0.003,0.000,20.657,0.000,13.748,0.089,13.837
1780257352504,4.585,4.734,5.336,5.390,0.000,0.003,0.003,0.000,20.051,0.000,17.989,0.138,18.127
1780257352560,1.997,1.899,2.460,2.507,0.000,0.000,0.003,0.000,8.866,0.000,7.334,0.154,7.488
1780257352615,0.273,0.349,0.448,0.601,0.000,0.000,0.003,0.000,1.674,0.000,2.352,0.146,2.498
1780257352679,0.021,0.007,0.014,0.014,0.003,0.018,7.319,7.133,14.529,0.000,0.716,13.129,13.845
1780257352717,0.003,0.003,0.007,0.003,0.003,0.018,9.302,9.757,19.096,0.000,0.594,17.777,18.371
1780257352766,0.003,0.000,0.003,0.003,0.007,0.014,9.065,9.910,19.005,0.000,0.577,18.152,18.729
1780257352801,0.003,0.000,0.000,0.000,0.007,0.018,8.809,9.859,18.696,0.000,0.577,17.794,18.371
1780257352838,0.000,0.000,0.000,0.003,0.007,0.018,8.664,9.808,18.500,0.000,0.561,17.533,18.094
1780257352872,0.000,0.000,0.000,0.003,0.007,0.018,8.667,9.429,18.124,0.000,0.586,17.370,17.956
1780257352916,0.000,0.000,0.000,0.003,0.007,0.018,8.255,9.364,17.647,0.000,0.553,16.931,17.484
1780257352974,0.000,0.000,0.000,0.003,0.007,0.014,8.183,9.068,17.275,0.000,0.553,16.499,17.052
1780257353016,0.000,0.000,0.000,0.003,0.007,0.014,8.110,8.824,16.958,0.000,0.553,16.231,16.784
1780257353069,0.000,0.000,0.000,0.000,0.003,0.014,7.825,8.700,16.542,0.000,0.545,15.750,16.295
1780257353126,0.003,0.000,0.000,0.000,0.003,0.018,7.577,8.412,16.013,0.000,0.537,15.360,15.897
1780257353182,0.000,0.000,0.000,0.003,0.003,0.014,7.362,8.183,15.565,0.000,0.537,14.847,15.384
1780257353254,0.000,0.000,0.003,0.003,0.003,0.014,7.198,7.924,15.145,0.000,0.545,14.440,14.985
1780257353296,0.000,0.000,0.000,0.003,0.003,0.014,7.085,7.825,14.930,0.000,0.520,14.196,14.716
1780257353338,0.000,0.000,0.000,0.000,0.000,0.000,2.361,2.821,5.182,0.000,0.520,5.274,5.794
1780257353406,0.000,0.003,0.003,0.003,0.000,0.000,0.233,0.266,0.508,0.000,0.488,1.139,1.627
1780257353447,0.000,0.000,0.003,0.003,0.007,0.021,8.514,8.952,17.500,0.000,0.512,12.511,13.023
1780257353505,0.000,0.000,0.000,0.000,0.003,0.000,3.276,2.638,5.917,0.000,0.561,6.878,7.439
1780257353571,0.000,0.000,0.000,0.003,0.003,0.014,6.695,7.311,14.026,0.000,0.512,12.714,13.226
1780257353632,0.000,0.000,0.000,0.003,0.003,0.014,6.994,7.902,14.916,0.000,0.545,14.106,14.651
1780257353693,0.000,0.000,0.000,0.003,0.000,0.003,4.217,4.399,8.622,0.000,0.537,7.301,7.838
1780257353759,0.000,0.003,0.000,0.003,0.000,0.000,0.783,1.002,1.791,0.000,0.488,1.733,2.221
1780257353812,0.641,0.626,0.448,0.739,0.000,0.000,0.200,0.251,2.905,0.000,0.911,0.594,1.505
1780257353874,5.861,5.686,5.686,5.872,0.000,0.000,0.076,0.091,23.272,0.000,20.195,0.284,20.479
1780257353937,4.971,4.352,5.347,5.449,0.000,0.000,0.262,0.324,20.705,0.000,18.437,0.382,18.819
1780257353979,4.257,3.378,4.384,4.497,0.000,0.000,0.703,0.747,17.966,0.000,15.571,0.732,16.303
1780257354045,2.693,2.558,3.316,3.790,0.000,0.003,2.022,2.551,16.933,0.000,12.307,2.368,14.675
1780257354119,1.880,1.807,2.682,3.152,0.000,0.003,2.977,3.382,15.883,0.000,9.702,3.776,13.478
1780257354181,1.961,1.640,2.402,2.686,0.000,0.003,2.150,2.584,13.426,0.000,8.701,2.718,11.419
1780257354282,0.105,0.098,0.069,0.123,0.000,0.000,0.390,0.495,1.280,0.000,1.107,0.675,1.782
1780257354335,0.018,0.014,0.014,0.021,0.003,0.003,0.178,0.207,0.458,0.000,0.569,0.333,0.902
1780257354381,0.007,0.007,0.007,0.007,0.003,0.003,1.334,1.454,2.822,0.000,0.480,1.253,1.733
1780257354430,0.010,0.000,0.003,0.003,0.000,0.003,2.041,2.387,4.447,0.000,0.480,2.116,2.596
1780257354470,0.003,0.003,0.000,0.003,0.000,0.003,2.383,2.726,5.121,0.000,0.455,2.572,3.027
1780257354516,0.003,0.000,0.003,0.003,0.000,0.003,2.398,2.751,5.161,0.000,0.463,2.694,3.157
1780257354590,0.003,0.000,0.000,0.003,0.000,0.003,2.387,2.697,5.093,0.000,0.463,2.686,3.149
1780257354648,0.003,0.000,0.000,0.003,0.003,0.003,2.103,2.256,4.371,0.000,0.488,2.311,2.799
1780257354701,0.000,0.000,0.000,0.003,0.000,0.000,0.550,0.692,1.245,0.000,0.480,0.797,1.277
1780257354772,0.003,0.000,0.000,0.003,0.000,0.000,0.258,0.298,0.562,0.000,0.472,0.374,0.846
1780257354829,0.003,0.000,0.000,0.003,0.000,0.000,0.266,0.317,0.589,0.000,0.463,0.341,0.804
1780257354892,0.280,0.291,0.225,0.448,0.007,0.003,1.931,2.081,5.266,0.000,0.610,1.961,2.571
1780257354956,0.025,0.043,0.021,0.051,0.000,0.003,2.412,2.722,5.277,0.000,0.496,2.621,3.117
1780257355007,0.521,0.667,0.437,0.721,0.000,0.003,2.628,3.032,8.009,0.000,0.846,3.036,3.882
1780257355056,1.687,1.651,1.140,1.596,0.003,0.003,2.248,2.507,10.835,0.000,2.148,2.621,4.769
1780257355122,2.234,2.165,2.081,2.125,0.003,0.003,2.238,2.496,13.345,0.000,2.792,2.515,5.307
1780257355180,2.161,2.008,1.851,2.128,0.000,0.000,0.681,0.820,9.649,0.000,2.808,0.919,3.727
1780257355233,1.957,1.928,1.705,1.844,0.000,0.000,0.338,0.390,8.162,0.000,2.645,0.472,3.117
1780257355301,1.800,1.691,1.596,1.702,0.000,0.000,0.328,0.393,7.510,0.000,2.458,0.390,2.848
1780257355358,2.103,2.238,1.946,2.157,0.000,0.000,1.465,1.647,11.556,0.000,3.321,1.432,4.753
1780257355420,2.500,2.493,2.303,2.489,0.000,0.003,2.314,2.562,14.664,0.000,4.371,2.515,6.886
1780257355483,2.770,2.781,2.613,2.635,0.000,0.003,2.438,2.781,16.021,0.000,5.445,2.897,8.342
1780257355517,2.653,2.602,2.376,2.558,0.000,0.003,2.347,2.649,15.188,0.000,5.266,2.783,8.049
1780257355559,2.248,2.019,1.920,2.059,0.000,0.000,1.180,1.366,10.792,0.000,4.029,1.400,5.429
1780257355601,1.822,1.694,1.578,1.676,0.000,0.003,1.673,1.767,10.213,0.000,3.418,1.790,5.208
1780257355662,1.487,1.359,1.268,1.297,0.000,0.000,0.634,0.761,6.806,0.000,2.783,0.830,3.613
1780257355716,1.410,1.217,1.140,1.246,0.000,0.003,1.421,1.552,7.989,0.000,2.531,1.310,3.841
1780257355775,1.396,1.242,1.115,1.151,0.000,0.000,0.277,0.349,5.530,0.000,2.515,0.537,3.052
1780257355835,1.286,1.151,1.086,1.053,0.000,0.003,0.331,0.400,5.310,0.000,2.409,0.390,2.799
1780257355877,1.319,1.140,1.086,1.086,0.003,0.000,0.368,0.451,5.453,0.000,2.401,0.407,2.808
1780257355924,1.228,1.016,1.027,0.984,0.000,0.003,1.501,1.888,7.647,0.000,2.271,1.522,3.793
1780257355963,1.155,0.933,0.965,0.922,0.000,0.003,2.033,2.361,8.372,0.000,2.157,2.148,4.305
1780257356025,0.765,0.605,0.612,0.623,3.572,0.003,1.997,2.303,10.480,0.000,1.546,4.884,6.430
1780257356086,0.400,0.306,0.277,0.306,5.041,4.658,1.643,1.782,14.413,0.000,1.025,9.540,10.565
1780257356134,0.364,0.262,0.258,0.258,3.757,3.422,0.911,1.093,10.325,0.000,0.952,7.521,8.473
1780257356179,0.408,0.302,0.269,0.251,2.846,2.854,1.600,1.884,10.414,0.000,1.025,7.260,8.285
1780257356238,0.572,0.473,0.328,0.382,2.628,2.762,1.920,2.172,11.237,0.000,1.131,7.407,8.538
1780257356292,0.747,0.616,0.451,0.535,2.704,2.817,0.750,0.903,9.523,0.000,1.326,6.251,7.577
1780257356345,0.787,0.656,0.564,0.586,2.602,2.562,1.549,1.778,11.084,0.000,1.383,6.642,8.025
1780257356406,0.798,0.685,0.586,0.688,2.708,2.806,1.822,2.106,12.199,0.000,1.457,7.187,8.644
1780257356454,0.794,0.736,0.619,0.754,2.321,2.318,2.059,2.285,11.886,0.000,1.489,6.943,8.432
1780257356491,0.929,0.820,0.663,0.790,2.296,2.274,1.049,1.235,10.056,0.000,1.587,5.779,7.366
1780257356552,0.965,0.827,0.710,0.885,2.511,2.482,0.521,0.608,9.509,0.000,1.611,5.543,7.154
1780257356606,0.951,0.805,0.677,0.856,2.383,2.464,0.524,0.594,9.254,0.000,1.619,5.388,7.007
1780257356661,0.841,0.816,0.663,0.856,2.351,2.387,1.727,2.008,11.649,0.000,1.538,6.528,8.066
1780257356709,0.747,0.783,0.630,0.692,2.423,2.380,2.482,2.737,12.874,0.000,1.457,7.659,9.116
1780257356759,0.831,0.747,0.630,0.688,2.525,2.398,2.711,3.025,13.555,0.000,1.465,8.074,9.539
1780257356819,0.215,0.120,0.098,0.087,2.562,2.522,2.587,2.934,11.125,0.000,0.724,8.172,8.896
1780257356890,0.010,0.003,0.003,0.003,0.247,0.291,2.343,2.657,5.557,0.000,0.512,3.801,4.313
1780257356936,0.003,0.000,0.003,0.007,0.036,0.040,0.885,1.042,2.016,0.000,0.504,1.741,2.245
1780257356974,0.003,0.003,0.003,0.003,0.007,0.010,0.287,0.349,0.665,0.000,0.488,0.740,1.228
1780257357016,0.003,0.000,0.000,0.003,0.003,0.003,0.178,0.200,0.390,0.000,0.496,0.398,0.894
1780257357065,0.007,0.000,0.000,0.007,0.000,0.003,0.240,0.291,0.548,0.000,0.488,0.325,0.813
1780257357121,0.000,0.000,0.000,0.003,0.000,0.003,1.414,1.530,2.950,0.000,0.480,1.310,1.790
1780257357193,0.000,0.000,0.003,0.003,0.003,0.003,2.066,2.270,4.348,0.000,0.496,2.083,2.579
1780257357239,0.003,0.000,0.000,0.003,0.000,0.003,2.329,2.613,4.951,0.000,0.496,2.507,3.003
1780257357297,0.003,0.000,0.000,0.007,0.000,0.003,2.278,2.478,4.769,0.000,0.480,2.458,2.938
1780257357357,0.000,0.003,0.000,0.000,0.000,0.007,1.665,1.939,3.614,0.000,0.480,1.872,2.352
1780257357453,1.574,1.428,1.432,1.432,0.003,0.003,1.614,1.789,9.275,0.000,1.750,1.644,3.394
1780257357506,3.736,3.484,3.903,3.670,0.000,0.000,0.397,0.473,15.663,0.000,8.506,0.667,9.173
1780257357542,3.546,3.561,4.202,4.151,0.000,0.000,0.244,0.273,15.977,0.000,8.652,0.374,9.026
1780257357584,2.711,2.912,3.389,3.564,0.000,0.003,1.556,1.647,15.782,0.000,7.521,1.684,9.205
1780257357636,0.659,0.831,1.341,1.122,0.000,0.003,2.252,2.624,8.832,0.000,2.417,2.450,4.867
1780257357699,0.054,0.065,0.102,0.123,0.000,0.003,0.820,0.984,2.151,0.000,0.781,1.001,1.782
1780257357752,0.003,0.007,0.007,0.007,0.000,0.000,0.415,0.506,0.945,0.000,0.520,0.520,1.040
1780257357820,0.000,0.003,0.003,0.003,0.000,0.000,0.382,0.441,0.832,0.000,0.472,0.407,0.879
1780257357877,0.499,0.386,0.459,0.466,0.000,0.000,0.280,0.346,2.436,0.000,0.748,0.341,1.089
1780257357967,1.592,1.490,1.428,1.549,0.000,0.003,1.891,2.088,10.041,0.000,1.790,1.709,3.499
1780257358010,4.771,1.683,4.454,1.749,0.000,0.003,2.125,2.332,17.117,0.000,7.529,2.271,9.800
1780257358056,4.454,2.679,6.105,2.824,0.003,0.003,2.708,3.087,21.863,0.000,9.914,3.199,13.113
1780257358114,1.811,0.780,2.380,0.667,0.000,0.010,3.980,4.439,14.067,0.000,3.589,5.437,9.026
1780257358175,0.495,1.942,0.532,1.953,0.000,0.003,2.525,2.967,10.417,0.000,2.026,3.361,5.387
1780257358236,0.758,1.811,0.743,1.687,0.000,0.003,0.433,0.543,5.978,0.000,1.921,1.033,2.954
1780257358291,0.820,1.242,0.947,1.129,0.007,0.025,8.686,9.276,22.132,0.000,1.823,15.172,16.995
1780257358365,1.512,1.509,1.377,1.458,0.000,0.003,2.719,3.050,11.628,0.000,2.523,5.828,8.351
1780257358434,1.578,1.450,1.330,1.355,0.003,0.014,6.495,7.373,19.598,0.000,2.498,11.957,14.455
1780257358513,1.137,1.093,1.027,1.104,0.007,0.014,6.874,7.636,18.892,0.000,2.148,13.667,15.815
1780257358546,1.184,1.108,0.965,1.086,0.003,0.014,6.739,7.475,18.574,0.000,2.108,13.601,15.709
1780257358592,1.279,1.195,1.111,1.239,0.000,0.007,3.940,4.242,13.013,0.000,2.271,7.106,9.377
1780257358643,1.348,1.206,1.155,1.239,0.000,0.003,2.227,2.354,9.532,0.000,2.311,3.337,5.648
1780257358680,1.363,1.264,1.173,1.326,0.000,0.000,0.856,1.042,7.024,0.000,2.360,1.424,3.784
1780257358723,1.272,1.264,1.089,1.199,0.000,0.000,0.207,0.193,5.224,0.000,2.279,0.586,2.865
1780257358761,1.202,1.093,1.067,1.111,0.000,0.000,0.134,0.149,4.756,0.000,2.181,0.341,2.522
1780257358801,1.250,1.053,0.987,1.162,0.000,0.000,0.149,0.164,4.765,0.000,2.108,0.276,2.384
1780257358857,1.086,1.086,0.944,1.031,0.000,0.000,0.174,0.193,4.514,0.000,2.043,0.268,2.311
1780257358914,1.038,1.049,0.893,1.111,0.000,0.003,1.428,1.691,7.213,0.000,1.953,1.391,3.344
1780257358989,0.772,0.725,0.564,0.754,4.683,4.439,2.030,2.190,16.157,0.000,1.587,9.898,11.485
1780257359071,0.772,0.692,0.594,0.710,2.547,2.573,3.604,4.002,15.494,0.000,1.546,9.914,11.460
1780257359129,1.115,1.067,0.925,1.104,2.489,2.416,2.937,3.342,15.395,0.000,2.295,8.701,10.996
1780257359177,1.301,1.104,1.027,1.191,2.755,2.496,2.850,3.174,15.898,0.000,2.360,8.750,11.110
1780257359225,1.239,1.140,1.046,1.232,2.704,2.573,2.456,2.821,15.211,0.000,2.417,8.286,10.703
1780257359264,1.272,1.159,1.053,1.217,2.733,2.657,2.157,2.365,14.613,0.000,2.393,7.985,10.378
1780257359306,1.188,1.104,0.965,1.104,2.715,2.803,0.841,1.042,11.762,0.000,2.311,6.764,9.075
1780257359381,1.159,1.042,0.871,1.122,2.343,2.427,1.753,1.942,12.659,0.000,2.222,6.617,8.839
1780257359433,0.743,0.718,0.568,0.710,2.536,2.434,2.183,2.507,12.399,0.000,1.481,7.407,8.888
1780257359504,0.127,0.134,0.069,0.160,2.449,2.518,2.766,3.036,11.259,0.000,0.716,8.180,8.896
1780257359567,2.810,2.806,2.598,2.361,2.387,2.398,2.292,2.533,20.185,0.000,3.524,7.635,11.159
1780257359632,8.456,8.354,3.852,3.109,0.291,0.331,1.702,1.928,28.023,0.000,20.520,3.256,23.776
1780257359670,8.328,8.675,4.428,2.762,0.040,0.051,3.269,3.506,31.059,0.000,23.239,5.624,28.863
1780257359713,7.614,7.428,4.902,3.779,0.007,0.018,4.118,4.756,32.622,0.000,22.173,7.692,29.865
1780257359768,7.012,5.230,4.523,3.360,0.003,0.007,2.945,3.316,26.396,0.000,17.614,5.364,22.978
1780257359808,6.116,3.346,5.361,2.285,0.000,0.003,1.658,2.026,20.795,0.000,14.155,2.653,16.808
1780257359848,5.853,1.173,5.150,0.995,0.000,0.003,0.543,0.663,14.380,0.000,11.941,1.107,13.048
1780257359916,4.188,0.860,4.359,0.422,0.000,0.000,0.193,0.215,10.237,0.000,9.198,0.439,9.637
1780257359952,3.896,0.998,3.914,0.477,0.000,0.003,0.174,0.193,9.655,0.000,8.636,0.325,8.961
1780257360002,2.937,3.156,3.801,1.975,0.000,0.003,0.189,0.207,12.268,0.000,9.800,0.293,10.093
1780257360059,2.474,5.828,2.897,4.209,0.000,0.003,0.328,0.430,16.169,0.000,14.578,0.423,15.001
1780257360116,2.832,5.580,3.371,4.020,0.000,0.000,0.608,0.725,17.136,0.000,15.295,0.651,15.946
1780257360193,2.675,3.900,2.711,3.083,4.301,0.007,2.216,2.606,21.499,0.000,12.486,5.877,18.363
1780257360249,2.161,3.087,2.482,2.391,4.687,4.188,2.201,2.464,23.661,0.000,10.451,10.158,20.609
1780257360295,2.307,2.879,2.372,2.241,3.182,3.094,1.476,1.778,19.329,0.000,10.142,7.985,18.127
1780257360356,2.427,2.711,2.456,2.223,2.555,2.533,0.703,0.772,16.380,0.000,9.963,6.145,16.108
1780257360394,2.358,2.544,2.329,2.194,2.365,2.383,0.404,0.535,15.112,0.000,9.621,5.494,15.115
1780257360452,2.179,2.289,2.077,1.829,2.511,2.445,0.648,0.747,14.725,0.000,8.726,5.681,14.407
1780257360517,2.139,2.074,1.858,1.851,2.325,2.351,2.063,2.281,16.942,0.000,8.180,7.073,15.253
1780257360581,1.848,1.720,1.468,1.625,2.307,2.318,2.562,2.916,16.764,0.000,7.228,8.058,15.286
1780257360642,1.705,1.844,1.501,1.527,2.299,2.281,2.361,2.679,16.197,0.000,6.919,7.757,14.676
1780257360707,0.353,1.786,0.255,1.782,2.365,2.303,2.416,2.784,14.044,0.000,4.615,7.822,12.437
1780257360768,0.080,1.516,0.010,1.534,2.416,2.329,2.310,2.628,12.823,0.000,3.671,7.700,11.371
1780257360808,0.105,1.319,0.047,1.374,2.332,2.416,1.286,1.563,10.442,0.000,3.337,6.463,9.800
1780257360871,0.102,0.211,0.029,0.229,0.528,0.619,2.081,2.314,6.113,0.000,1.334,4.061,5.395
1780257360921,0.010,0.018,0.007,0.010,0.051,0.076,9.032,9.622,18.826,0.000,0.634,16.263,16.897
1780257360987,0.003,0.007,0.003,0.007,0.003,0.003,1.775,2.310,4.111,0.000,0.496,6.748,7.244
1780257361027,0.000,0.000,0.000,0.003,0.003,0.018,5.212,5.602,10.838,0.000,0.431,10.842,11.273
1780257361072,0.000,0.000,0.003,0.000,0.007,0.018,6.469,7.213,13.710,0.000,0.463,12.820,13.283
1780257361120,0.000,0.000,0.000,0.003,0.003,0.014,6.477,7.217,13.714,0.000,0.496,13.072,13.568
1780257361159,0.000,0.000,0.000,0.003,0.003,0.007,4.691,5.296,10.000,0.000,0.504,8.310,8.814
1780257361219,3.280,1.727,2.146,2.897,0.000,0.003,2.555,3.003,15.611,0.000,6.194,4.004,10.198
1780257361272,4.188,3.090,5.857,5.795,0.000,0.003,0.783,0.659,20.375,0.000,15.124,1.497,16.621
1780257361324,3.018,3.240,6.816,6.539,0.000,0.000,0.233,0.240,20.086,0.000,18.298,0.594,18.892
1780257361404,2.431,3.149,5.875,5.565,0.000,0.003,0.641,0.772,18.436,0.000,16.800,0.740,17.540
1780257361443,3.174,3.346,5.219,4.942,0.000,0.003,0.776,0.903,18.363,0.000,16.271,0.879,17.150
1780257361504,3.280,2.693,4.388,4.312,0.000,0.003,2.340,2.916,19.932,0.000,14.546,3.190,17.736
1780257361565,3.080,3.127,3.524,3.561,0.000,0.007,2.926,3.306,19.531,0.000,13.178,4.094,17.272
1780257361610,1.552,3.306,1.312,3.488,0.000,0.003,1.465,1.800,12.926,0.000,9.238,2.100,11.338
1780257361660,0.215,3.251,0.134,3.087,0.000,0.000,0.320,0.422,7.429,0.000,6.992,0.683,7.675
1780257361737,2.504,2.562,0.010,2.234,0.000,0.000,0.153,0.174,7.637,0.000,5.087,0.293,5.380
1780257361789,0.790,2.398,0.054,1.355,0.000,0.003,0.149,0.171,4.920,0.000,4.143,0.553,4.696
1780257361845,2.631,1.920,3.725,0.699,0.000,0.003,0.167,0.182,9.327,0.000,8.669,0.520,9.189
1780257361921,0.991,2.562,4.887,0.780,0.000,0.000,0.382,0.484,10.086,0.000,9.149,0.463,9.612
1780257361963,1.184,2.737,4.465,0.455,0.003,0.003,1.468,1.928,12.243,0.000,8.612,1.733,10.345
1780257362017,0.510,2.620,2.697,0.306,0.000,0.003,2.442,2.649,11.227,0.000,6.072,2.735,8.807
1780257362074,0.207,2.868,1.574,0.251,0.000,0.003,2.099,2.303,9.305,0.000,4.778,2.450,7.228
1780257362113,0.153,2.482,0.874,0.240,0.007,0.014,3.907,5.307,12.984,0.000,3.711,7.220,10.931
1780257362154,0.167,1.829,1.108,0.167,0.003,0.014,6.054,6.739,16.081,0.000,3.508,11.070,14.578
1780257362208,0.211,2.135,2.022,0.182,0.003,0.007,4.158,4.629,13.347,0.000,4.558,7.627,12.185
1780257362267,0.262,2.289,2.857,0.189,0.000,0.000,0.914,1.213,7.724,0.000,5.787,2.775,8.562
1780257362320,0.196,1.643,2.165,0.149,0.007,0.025,8.197,8.583,20.965,0.000,4.289,14.855,19.144
1780257362376,0.218,1.702,2.022,0.193,0.000,0.000,2.806,3.349,10.290,0.000,4.827,7.529,12.356
1780257362441,0.185,1.902,2.230,0.167,0.003,0.014,4.599,4.960,14.060,0.000,4.542,8.929,13.471
1780257362479,0.167,1.585,1.837,0.138,0.007,0.014,6.163,6.878,16.789,0.000,4.053,11.786,15.839
1780257362523,0.153,1.680,1.782,0.142,0.003,0.010,6.280,6.947,16.997,0.000,3.964,12.380,16.344
1780257362569,0.160,1.807,2.070,0.164,0.000,0.003,2.358,2.817,9.379,0.000,4.607,4.916,9.523
1780257362615,0.116,2.442,1.170,0.204,0.000,0.000,0.404,0.484,4.820,0.000,3.996,1.741,5.737
1780257362672,0.054,1.410,0.156,0.171,0.010,0.025,8.813,9.349,19.988,0.000,2.295,15.653,17.948
1780257362715,2.540,1.560,0.061,0.196,0.000,0.000,3.838,4.891,13.086,0.000,2.775,9.556,12.331
1780257362771,1.009,1.622,0.794,0.149,0.003,0.014,5.595,5.649,14.835,0.000,3.011,10.345,13.356
1780257362828,0.189,1.443,2.741,0.116,0.007,0.010,6.232,7.089,17.827,0.000,4.485,12.560,17.045
1780257362871,0.193,1.501,2.613,0.145,0.003,0.007,4.723,5.332,14.517,0.000,4.867,8.392,13.259
1780257362914,0.189,2.263,3.047,0.142,0.000,0.003,2.569,2.916,11.129,0.000,5.657,4.639,10.296
1780257362993,0.196,2.453,3.032,0.164,0.000,0.000,0.794,0.659,7.298,0.000,5.901,1.310,7.211
1780257363033,0.189,2.478,3.032,0.164,0.000,0.000,0.255,0.240,6.358,0.000,5.909,0.586,6.495
1780257363083,0.087,2.438,0.907,0.233,0.000,0.003,0.182,0.204,4.054,0.000,3.907,0.341,4.248
1780257363148,0.094,2.504,0.466,0.215,0.000,0.000,0.225,0.273,3.777,0.000,3.321,0.317,3.638
1780257363200,0.404,2.110,1.454,0.207,0.000,0.000,1.643,1.753,7.571,0.000,4.395,1.693,6.088
1780257363258,0.925,1.301,2.125,0.517,0.003,0.007,2.777,2.963,10.618,0.000,4.322,3.223,7.545
1780257363322,0.550,0.342,0.444,0.269,0.003,0.010,5.872,6.331,13.821,0.000,1.912,10.378,12.290
1780257363377,0.160,0.123,0.102,0.134,0.003,0.000,2.110,2.511,5.143,0.000,0.887,5.616,6.503
1780257363419,0.051,0.032,0.010,0.036,0.000,0.003,0.984,1.144,2.260,0.000,0.545,1.864,2.409
1780257363467,0.007,0.007,0.000,0.003,0.000,0.003,0.379,0.455,0.854,0.000,0.439,0.700,1.139
1780257363535,0.007,0.003,0.000,0.007,0.000,0.003,1.479,1.669,3.168,0.000,0.431,1.383,1.814
1780257363587,0.003,0.003,0.000,0.003,0.003,0.003,2.584,2.810,5.409,0.000,0.439,2.735,3.174
1780257363625,0.003,0.003,0.000,0.003,0.000,0.003,2.861,3.163,6.036,0.000,0.447,3.369,3.816
1780257363666,0.000,0.000,0.000,0.003,0.003,0.003,2.737,3.050,5.796,0.000,0.463,3.394,3.857
1780257363725,0.000,0.000,0.000,0.003,5.248,4.527,2.066,2.274,14.118,0.000,0.488,10.704,11.192
1780257363789,0.000,0.000,0.000,0.000,2.897,2.577,10.045,10.949,26.468,0.000,0.561,23.842,24.403
1780257363850,0.000,0.000,0.000,0.003,4.723,4.428,2.289,2.821,14.264,0.000,0.537,13.032,13.569
1780257363906,0.000,0.000,0.000,0.003,4.490,4.337,2.861,3.229,14.920,0.000,0.512,12.527,13.039
1780257363964,0.000,0.000,0.000,0.003,3.962,4.162,5.576,6.057,19.760,0.000,0.512,17.606,18.118
1780257364010,0.003,0.000,0.000,0.003,1.767,1.202,6.375,7.049,16.399,0.000,0.561,14.692,15.253
1780257364064,0.000,0.000,0.000,0.003,0.083,0.102,3.932,4.406,8.526,0.000,0.529,8.490,9.019
1780257364121,0.003,0.000,0.000,0.003,0.007,0.010,0.947,0.787,1.757,0.000,0.496,2.376,2.872
1780257364155,0.007,0.000,0.000,0.003,0.003,0.003,0.255,0.298,0.569,0.000,0.480,1.155,1.635
1780257364197,0.003,0.000,0.000,0.003,0.000,0.003,0.127,0.149,0.285,0.000,0.472,0.512,0.984
1780257364258,0.007,0.000,0.000,0.003,0.000,0.003,0.131,0.153,0.297,0.000,0.472,0.284,0.756
1780257364305,0.003,0.000,0.000,0.003,0.003,0.003,0.171,0.182,0.365,0.000,0.480,0.260,0.740
1780257364348,0.000,0.003,0.000,0.003,0.003,0.003,1.257,1.257,2.526,0.000,0.463,1.180,1.643
1780257364407,0.000,0.000,0.003,0.003,0.003,0.003,1.869,2.019,3.900,0.000,0.472,1.815,2.287
1780257364466,0.000,0.000,0.000,0.003,0.003,0.003,1.906,2.132,4.047,0.000,0.463,2.018,2.481
1780257364542,0.317,0.269,0.236,0.196,0.000,0.003,1.724,1.891,4.636,0.000,0.643,1.839,2.482
1780257364607,0.940,0.838,0.539,0.718,0.000,0.003,1.702,1.862,6.602,0.000,1.025,1.766,2.791
1780257364655,0.965,0.907,0.863,0.845,0.003,0.003,1.709,1.840,7.135,0.000,1.115,1.758,2.873
1780257364706,0.554,0.481,0.462,0.473,4.785,4.789,0.484,0.564,12.592,0.000,0.789,8.563,9.352
1780257364756,0.112,0.109,0.112,0.069,5.263,4.793,0.481,0.535,11.474,0.000,0.577,9.759,10.336
1780257364793,0.010,0.007,0.010,0.007,4.767,4.439,1.253,1.629,12.122,0.000,0.553,10.191,10.744
1780257364846,0.000,0.000,0.000,0.003,4.599,4.599,1.858,2.033,13.092,0.000,0.529,10.980,11.509
1780257364894,0.000,0.000,0.000,0.000,4.844,4.665,1.855,2.019,13.383,0.000,0.504,11.322,11.826
1780257364945,0.000,0.000,0.000,0.003,4.661,4.789,1.873,2.037,13.363,0.000,0.520,11.249,11.769
1780257364997,0.000,0.000,0.000,0.003,4.636,4.694,1.829,2.026,13.188,0.000,0.496,11.216,11.712
1780257365057,0.368,0.277,0.328,0.328,4.851,4.946,0.677,0.827,12.602,0.000,0.683,10.004,10.687
1780257365122,0.882,0.794,0.583,0.466,4.880,4.261,1.556,1.822,15.244,0.000,0.968,10.484,11.452
1780257365194,1.064,0.980,0.841,0.903,4.785,4.785,0.557,0.663,14.578,0.000,1.261,10.109,11.370
1780257365252,1.177,1.042,0.998,0.995,4.603,4.862,0.393,0.451,14.521,0.000,1.383,9.637,11.020
1780257365310,1.545,1.509,1.465,1.428,4.483,4.370,1.818,1.993,18.611,0.000,2.205,10.687,12.892
1780257365357,1.767,1.694,1.603,1.552,4.363,4.268,2.606,2.766,20.619,0.000,2.612,11.452,14.064
1780257365418,1.997,1.804,1.764,1.731,4.312,4.261,2.135,2.405,20.409,0.000,3.036,11.176,14.212
1780257365468,1.665,1.549,1.607,1.381,4.253,4.246,4.607,5.015,24.323,0.000,2.710,16.475,19.185
1780257365509,1.392,1.232,1.173,1.126,4.465,4.268,5.274,5.930,24.860,0.000,2.376,18.608,20.984
1780257365552,1.239,1.155,1.148,1.133,4.286,4.377,5.259,5.893,24.490,0.000,2.279,18.974,21.253
1780257365589,1.221,1.108,1.067,1.009,4.439,4.468,4.344,4.895,22.551,0.000,2.148,16.426,18.574
1780257365640,1.232,1.053,1.035,0.998,4.614,4.490,2.194,2.606,18.222,0.000,2.165,12.307,14.472
1780257365713,1.213,1.038,1.035,1.009,4.807,4.760,0.488,0.513,14.863,0.000,2.059,9.922,11.981
1780257365759,1.166,0.947,0.947,0.998,4.337,4.392,0.295,0.371,13.453,0.000,1.986,8.937,10.923
1780257365797,1.031,0.936,0.871,0.827,4.355,4.184,0.236,0.284,12.724,0.000,1.855,8.555,10.410
1780257365847,1.016,0.845,0.772,0.805,4.093,4.067,1.592,1.713,14.903,0.000,1.750,10.020,11.770
1780257365902,0.896,0.783,0.677,0.707,4.403,4.618,0.623,0.761,13.468,0.000,1.652,9.499,11.151
1780257365952,0.805,0.619,0.605,0.539,4.636,4.326,1.523,1.848,14.901,0.000,1.522,10.411,11.933
1780257366018,0.933,0.703,0.674,0.718,4.742,4.450,0.663,0.798,13.681,0.000,1.717,9.751,11.468
1780257366069,1.250,0.973,0.976,0.984,4.173,4.465,1.385,1.450,15.656,0.000,2.328,9.995,12.323
1780257366111,1.421,1.188,1.184,1.239,4.497,4.308,0.998,1.184,16.019,0.000,2.767,9.613,12.380
1780257366173,1.458,1.301,1.304,1.246,4.388,4.264,1.600,1.939,17.500,0.000,3.011,10.378,13.389
1780257366241,1.283,1.078,1.075,1.082,4.479,4.341,2.128,2.347,17.813,0.000,2.645,11.290,13.935
1780257366309,1.275,1.133,1.075,1.078,4.534,4.774,0.612,0.739,15.220,0.000,2.759,9.824,12.583
1780257366355,1.304,1.097,0.991,0.958,4.756,4.395,0.273,0.331,14.105,0.000,2.686,9.295,11.981
1780257366418,1.067,1.166,0.736,1.129,4.523,4.432,0.324,0.382,13.759,0.000,2.515,9.019,11.534
1780257366504,0.783,1.195,0.539,1.191,4.326,4.016,1.596,1.793,15.439,0.000,2.401,9.751,12.152
1780257366569,0.437,1.319,0.211,1.512,4.253,4.155,2.048,2.223,16.158,0.000,2.523,10.630,13.153
1780257366630,0.207,1.844,0.116,2.190,3.918,4.191,1.964,2.176,16.606,0.000,3.418,10.394,13.812
1780257366690,0.193,1.669,0.091,2.019,4.271,4.366,0.761,0.922,14.292,0.000,3.312,9.377,12.689
1780257366768,0.080,2.522,0.010,3.269,4.133,4.275,0.240,0.306,14.835,0.000,5.494,8.490,13.984
1780257366826,0.703,2.190,1.038,3.262,4.013,4.115,0.411,0.517,16.249,0.000,5.641,8.343,13.984
1780257366875,0.419,1.552,1.767,2.941,3.936,3.860,1.971,2.135,18.581,0.000,4.794,9.613,14.407
1780257366938,2.500,0.280,0.790,0.455,3.998,3.805,2.708,2.999,17.535,0.000,3.052,11.021,14.073
1780257366997,3.028,0.087,1.476,0.160,3.983,4.016,0.980,1.232,14.962,0.000,2.905,9.092,11.997
1780257367039,2.617,0.098,1.224,0.251,3.856,3.911,0.360,0.451,12.768,0.000,2.726,8.074,10.800
1780257367096,2.485,0.142,0.780,0.750,4.049,3.768,0.295,0.364,12.633,0.000,2.669,8.017,10.686
1780257367141,2.117,0.193,0.769,0.827,4.129,4.137,0.258,0.309,12.739,0.000,2.572,8.319,10.891
1780257367198,1.651,0.287,0.656,0.867,3.732,4.100,0.258,0.313,11.864,0.000,2.295,7.985,10.280
1780257367248,1.242,0.244,0.382,0.659,4.177,3.787,1.476,1.592,13.559,0.000,1.912,9.336,11.248
1780257367323,1.002,0.543,0.616,0.787,4.009,4.231,1.716,1.888,14.792,0.000,2.091,9.776,11.867
1780257367384,1.035,0.674,0.528,0.801,4.191,3.962,0.645,0.783,12.619,0.000,2.148,8.864,11.012
1780257367418,0.940,0.645,0.561,0.659,4.060,4.045,0.309,0.379,11.598,0.000,2.002,8.278,10.280
1780257367463,0.874,0.597,0.561,0.637,4.457,4.071,0.287,0.335,11.819,0.000,2.010,8.571,10.581
1780257367522,0.984,0.750,0.681,0.769,4.257,4.403,0.200,0.222,12.266,0.000,2.238,8.603,10.841
1780257367579,0.976,0.849,0.732,0.725,3.932,3.943,1.534,1.709,14.400,0.000,2.376,9.458,11.834
1780257367632,0.976,0.765,0.747,0.670,4.209,4.169,1.913,2.150,15.599,0.000,2.279,10.264,12.543
1780257367688,0.980,0.667,0.667,0.714,4.399,4.494,1.793,1.990,15.704,0.000,2.311,10.590,12.901
1780257367746,2.063,0.247,1.640,0.185,4.279,4.253,0.586,0.725,13.978,0.000,3.516,9.361,12.877
1780257367790,2.263,0.145,1.953,0.112,4.224,4.261,0.225,0.269,13.452,0.000,3.711,8.530,12.241
1780257367859,1.775,0.134,1.804,0.087,4.395,4.454,0.182,0.207,13.038,0.000,3.321,8.726,12.047
1780257367919,0.914,0.546,0.958,0.382,4.173,4.158,1.403,1.534,14.068,0.000,2.328,9.548,11.876
1780257367976,0.386,1.199,0.466,0.510,4.049,4.096,1.902,2.077,14.685,0.000,2.026,9.979,12.005
1780257368050,0.484,1.184,0.535,0.707,4.035,4.173,2.194,2.405,15.717,0.000,2.295,10.191,12.486
1780257368092,0.594,0.980,0.667,0.667,3.881,3.772,2.329,2.489,15.379,0.000,2.189,10.109,12.298
1780257368139,0.718,0.820,0.554,0.634,4.257,4.009,1.057,1.250,13.299,0.000,2.165,9.116,11.281
1780257368195,0.878,0.692,0.652,0.634,4.137,4.155,1.709,1.848,14.705,0.000,2.197,9.580,11.777
1780257368259,0.987,0.630,0.564,0.634,4.457,4.220,2.030,2.296,15.818,0.000,2.181,10.557,12.738
1780257368316,0.896,0.641,0.667,0.521,4.235,4.104,2.383,2.638,16.085,0.000,2.238,10.801,13.039
1780257368393,0.852,0.626,0.605,0.685,4.228,3.900,2.649,2.952,16.497,0.000,2.157,11.200,13.357
1780257368457,0.156,0.112,0.080,0.058,0.965,0.692,3.174,3.513,8.750,0.000,0.822,5.795,6.617
1780257368522,0.010,0.007,0.003,0.007,0.032,0.043,2.077,2.230,4.409,0.000,0.512,2.979,3.491
1780257368583,0.000,0.003,0.003,0.003,0.007,0.007,0.521,0.517,1.061,0.000,0.488,1.033,1.521
1780257368620,0.003,0.000,0.003,0.003,0.007,0.007,0.295,0.368,0.686,0.000,0.463,0.561,1.024
1780257368666,0.000,0.000,0.000,0.003,0.003,0.003,1.541,1.683,3.233,0.000,0.472,1.391,1.863
1780257368710,0.000,0.000,0.000,0.003,0.003,0.003,2.318,2.504,4.831,0.000,0.480,2.523,3.003
1780257368770,0.007,0.000,0.000,0.003,0.000,0.007,2.456,2.675,5.148,0.000,0.472,2.751,3.223
1780257368826,0.003,0.000,0.000,0.003,0.003,0.007,2.620,2.908,5.544,0.000,0.504,3.052,3.556
1780257368870,0.003,0.000,0.000,0.000,0.000,0.003,2.329,2.540,4.875,0.000,0.496,2.653,3.149
1780257368917,0.000,0.000,0.000,0.003,0.000,0.003,1.862,2.077,3.945,0.000,0.480,2.108,2.588
1780257368987,0.000,0.000,0.000,0.003,0.000,0.003,1.756,1.957,3.719,0.000,0.472,1.921,2.393
1780257369058,0.003,0.003,0.000,0.003,0.000,0.000,0.637,0.794,1.440,0.000,0.488,0.822,1.310
1780257369118,0.007,0.000,0.000,0.003,0.000,0.003,0.338,0.415,0.766,0.000,0.480,0.463,0.943
1780257369159,0.000,0.000,0.000,0.000,0.000,0.003,1.439,1.421,2.863,0.000,0.472,1.497,1.969
1780257369211,0.003,0.000,0.000,0.003,0.000,0.007,2.106,2.281,4.400,0.000,0.488,2.214,2.702
1780257369283,0.000,0.000,0.000,0.003,0.000,0.003,2.117,2.369,4.492,0.000,0.488,2.360,2.848
1780257369325,0.000,0.000,0.003,0.003,0.000,0.003,1.818,2.063,3.890,0.000,0.488,2.100,2.588
1780257369368,0.003,0.000,0.000,0.003,0.000,0.003,1.745,1.942,3.696,0.000,0.496,1.921,2.417
1780257369407,0.000,0.000,0.000,0.003,0.000,0.003,0.834,0.995,1.835,0.000,0.488,1.196,1.684
1780257369448,0.000,0.000,0.000,0.000,0.000,0.000,0.386,0.470,0.856,0.000,0.480,0.545,1.025
1780257369508,0.003,0.000,0.000,0.003,0.000,0.003,1.403,1.505,2.917,0.000,0.463,1.391,1.854
1780257369595,0.000,0.003,0.003,0.003,0.003,0.003,2.103,2.289,4.407,0.000,0.496,2.214,2.710
1780257369658,1.031,0.860,0.656,0.911,0.000,0.003,1.771,1.961,7.193,0.000,1.367,1.929,3.296
1780257369732,1.760,1.687,1.512,1.658,4.931,0.003,0.495,0.648,12.694,0.000,2.018,3.988,6.006
1780257369781,1.490,1.487,1.293,1.406,5.704,4.862,1.100,1.137,18.479,0.000,1.904,9.141,11.045
1780257369835,2.012,1.858,1.771,1.789,3.429,3.313,2.354,2.624,19.150,0.000,2.930,9.084,12.014
1780257369892,4.895,4.643,4.395,4.384,2.329,2.522,2.033,2.176,27.377,0.000,12.665,7.667,20.332
1780257369934,5.963,5.886,5.055,4.913,2.201,2.114,1.144,1.304,28.580,0.000,18.746,6.463,25.209
1780257369984,6.101,6.313,4.712,3.521,2.540,2.460,1.512,1.651,28.810,0.000,19.991,6.853,26.844
1780257370026,5.328,5.518,4.643,4.818,2.558,2.493,1.534,1.731,28.623,0.000,19.185,7.114,26.299
1780257370074,4.855,4.938,3.754,4.239,2.547,2.536,1.654,1.807,26.330,0.000,17.769,7.277,25.046
1780257370125,4.115,4.250,3.557,4.002,2.325,2.445,3.182,3.615,27.491,0.000,15.775,9.873,25.648
1780257370188,0.732,0.903,0.375,0.484,2.759,2.777,4.381,4.858,17.269,0.000,3.614,12.730,16.344
1780257370258,0.025,0.025,0.010,0.014,2.948,2.828,1.330,1.640,8.820,0.000,0.846,8.172,9.018
1780257370325,0.007,0.003,0.003,0.003,0.430,0.564,0.572,0.692,2.274,0.000,0.537,2.669,3.206
1780257370361,0.010,0.000,0.003,0.003,0.058,0.080,1.293,1.403,2.850,0.000,0.488,2.051,2.539
1780257370405,0.003,0.000,0.003,0.003,0.010,0.010,1.877,2.117,4.023,0.000,0.496,2.165,2.661
1780257370451,0.000,0.000,0.000,0.003,0.014,0.029,8.722,9.221,17.989,0.000,0.496,12.454,12.950
1780257370492,0.000,0.000,0.000,0.003,0.007,0.025,10.982,12.272,23.289,0.000,0.577,20.423,21.000
1780257370540,0.000,0.000,0.000,0.003,0.007,0.018,7.519,8.419,15.966,0.000,0.586,15.531,16.117
1780257370589,0.521,0.506,0.503,0.488,0.003,0.014,6.845,7.577,16.457,0.000,0.936,13.943,14.879
1780257370631,2.402,2.146,2.274,2.285,0.007,0.014,6.440,7.002,22.570,0.000,4.468,12.967,17.435
1780257370683,3.615,4.235,5.117,4.428,0.003,0.010,5.565,6.156,29.129,0.000,11.542,11.501,23.043
1780257370739,2.529,4.570,7.042,6.276,0.000,0.007,3.696,4.202,28.322,0.000,18.323,6.951,25.274
1780257370783,2.165,4.086,7.162,6.258,0.003,0.000,1.807,1.523,23.004,0.000,18.868,3.353,22.221
1780257370852,2.168,3.521,6.448,5.365,3.477,0.003,0.273,0.277,21.532,0.000,16.931,3.296,20.227
1780257370902,2.197,3.152,5.190,4.250,4.698,4.476,0.142,0.174,24.279,0.000,14.961,7.521,22.482
1780257370945,2.744,3.200,4.592,3.685,3.123,2.985,3.433,3.696,27.458,0.000,13.862,10.801,24.663
1780257370983,2.613,2.693,3.860,3.189,2.412,2.496,4.581,5.208,27.052,0.000,12.437,13.626,26.063
1780257371040,3.065,2.613,3.032,2.719,2.409,2.515,4.774,5.332,26.459,0.000,11.314,14.603,25.917
1780257371085,2.777,2.511,2.857,2.642,2.635,2.759,3.827,4.169,24.177,0.000,10.997,12.421,23.418
1780257371133,2.824,2.693,2.912,2.613,2.770,2.824,1.428,1.210,19.274,0.000,11.013,8.188,19.201
1780257371193,1.811,1.822,1.971,1.713,1.811,1.920,9.302,10.592,30.942,0.000,7.749,21.001,28.750
1780257371251,1.560,1.538,1.472,1.348,2.187,2.278,10.071,11.040,31.494,0.000,6.300,24.126,30.426
1780257371316,1.957,0.207,1.844,0.215,2.795,2.759,5.708,6.480,21.965,0.000,4.729,17.134,21.863
1780257371391,1.585,3.721,1.290,2.788,2.562,2.606,5.963,6.597,27.112,0.000,3.956,16.849,20.805
1780257371440,1.060,3.193,0.714,1.982,2.638,2.551,5.926,6.575,24.639,0.000,3.003,16.947,19.950
1780257371493,1.341,2.372,0.626,1.279,2.916,2.843,4.038,4.333,19.748,0.000,2.954,12.730,15.684
1780257371538,1.858,1.490,0.503,1.855,2.759,2.864,1.381,1.694,14.404,0.000,3.988,7.912,11.900
1780257371601,0.834,2.704,0.105,4.563,1.680,1.662,8.368,9.156,29.072,0.000,6.365,19.129,25.494
1780257371658,1.789,1.939,0.174,5.000,2.773,2.507,2.555,3.010,19.747,0.000,8.001,10.101,18.102
1780257371711,2.256,2.427,0.200,4.107,2.547,2.500,3.203,3.440,20.680,0.000,7.562,9.694,17.256
1780257371774,2.547,1.760,0.790,3.389,2.402,2.493,3.579,3.980,20.940,0.000,7.326,10.052,17.378
1780257371834,2.044,1.818,1.122,2.540,3.357,2.934,2.828,3.185,19.828,0.000,6.568,10.020,16.588
1780257371901,2.019,1.698,1.275,2.303,4.275,4.264,0.780,0.962,17.576,0.000,6.455,9.133,15.588
1780257371950,1.833,1.782,1.669,2.139,4.250,4.337,0.320,0.353,16.683,0.000,6.512,8.490,15.002
1780257371990,1.826,1.731,1.468,2.165,4.271,4.279,1.261,1.323,18.324,0.000,6.341,9.458,15.799
1780257372037,1.647,1.669,1.330,1.800,4.293,4.122,2.620,2.923,20.404,0.000,5.828,10.915,16.743
1780257372077,1.705,1.585,1.348,1.913,4.476,4.312,2.544,2.828,20.711,0.000,5.991,11.518,17.509
1780257372130,1.596,1.589,1.352,1.731,3.838,4.479,2.591,2.857,20.033,0.000,5.738,11.102,16.840
1780257372185,1.581,1.676,1.560,1.840,4.381,3.710,2.919,3.225,20.892,0.000,5.925,11.697,17.622
1780257372250,0.936,1.122,0.743,0.973,3.736,4.261,3.725,4.162,19.658,0.000,3.239,12.975,16.214
1780257372314,0.102,0.112,0.061,0.167,4.629,3.969,3.349,3.670,16.059,0.000,1.041,12.910,13.951
1780257372378,0.007,0.007,0.003,0.007,5.022,5.536,2.438,2.810,15.830,0.000,0.529,12.893,13.422
1780257372452,5.062,5.113,4.807,3.721,5.438,5.686,2.219,2.474,34.520,0.000,7.545,13.292,20.837
1780257372517,6.130,5.755,1.862,1.745,5.788,5.554,2.977,3.302,33.113,0.000,11.184,15.376,26.560
1780257372576,5.974,6.761,3.885,2.496,5.113,5.434,3.517,3.889,37.069,0.000,14.928,16.117,31.045
1780257372634,4.669,4.632,4.049,4.158,4.993,5.033,3.794,4.129,35.457,0.000,13.748,16.328,30.076
1780257372677,4.457,4.395,3.947,3.973,5.161,5.201,2.179,2.547,31.860,0.000,13.431,13.984,27.415
1780257372742,3.856,3.845,3.572,3.699,5.110,4.789,0.725,0.743,26.339,0.000,12.218,10.354,22.572
1780257372793,3.007,3.014,2.784,2.566,3.932,3.827,7.490,8.857,35.477,0.000,9.588,21.220,30.808
1780257372839,2.686,2.595,2.442,2.453,3.881,4.308,5.697,6.404,30.466,0.000,8.685,18.884,27.569
1780257372906,2.602,2.402,2.296,2.270,3.750,3.590,5.121,5.529,27.560,0.000,8.172,17.264,25.436
1780257372979,2.197,2.168,2.106,2.299,3.754,3.798,3.969,4.446,24.737,0.000,7.122,14.220,21.342
1780257373055,1.884,1.731,1.753,1.567,3.182,3.021,9.447,10.351,32.936,0.000,6.194,23.052,29.246
1780257373117,1.873,1.654,1.629,1.735,3.885,3.768,2.668,3.069,20.281,0.000,6.398,11.998,18.396
1780257373179,2.336,1.950,1.833,2.019,3.951,3.830,1.108,1.301,18.328,0.000,7.089,8.856,15.945
1780257373239,2.103,1.807,1.709,1.782,3.615,3.371,3.083,3.397,20.867,0.000,6.617,10.940,17.557
1780257373298,1.880,1.611,1.647,1.552,3.623,3.488,3.236,3.542,20.579,0.000,6.267,11.379,17.646
1780257373359,1.913,1.713,1.738,1.694,3.477,3.761,0.699,0.849,15.844,0.000,6.422,8.017,14.439
1780257373411,2.055,1.611,1.581,1.702,3.739,3.393,0.211,0.244,14.536,0.000,6.552,7.252,13.804
1780257373451,1.487,1.228,1.199,1.151,2.751,2.821,6.947,7.064,24.648,0.000,4.916,18.526,23.442
1780257373515,1.417,1.108,1.148,1.035,3.641,3.568,1.982,2.562,16.461,0.000,4.884,12.519,17.403
1780257373585,1.771,1.377,1.428,1.439,3.327,3.196,3.087,3.327,18.952,0.000,5.795,10.199,15.994
1780257373642,1.804,1.035,1.505,1.031,2.923,2.850,5.416,6.090,22.654,0.000,5.445,15.579,21.024
1780257373704,1.669,0.149,1.436,0.120,2.992,3.050,5.861,6.429,21.706,0.000,3.915,17.370,21.285
1780257373766,1.745,2.536,1.607,3.652,3.557,3.433,3.437,3.900,23.867,0.000,4.167,12.600,16.767
1780257373817,0.488,3.320,0.484,6.615,2.861,2.733,8.230,8.543,33.274,0.000,6.528,20.504,27.032
1780257373871,0.072,0.688,0.029,3.007,0.790,0.998,10.052,11.284,26.920,0.000,2.409,21.343,23.752
1780257373925,0.014,0.061,0.007,0.874,0.072,0.102,7.658,8.394,17.182,0.000,0.822,16.369,17.191
1780257373961,0.003,0.007,0.003,0.091,0.021,0.032,7.381,7.997,15.535,0.000,0.626,14.888,15.514
1780257374001,0.000,0.003,0.003,0.014,0.010,0.021,7.187,7.909,15.147,0.000,0.553,14.399,14.952
1780257374034,0.000,0.000,0.003,0.007,0.010,0.018,7.107,7.738,14.883,0.000,0.553,14.147,14.700
1780257374079,0.000,0.000,0.000,0.003,0.003,0.018,6.969,7.690,14.683,0.000,0.545,13.878,14.423
1780257374115,0.003,0.000,0.003,0.003,0.007,0.018,6.706,7.530,14.270,0.000,0.545,13.658,14.203
1780257374164,0.000,0.000,0.000,0.003,0.003,0.007,3.794,4.337,8.144,0.000,0.545,7.252,7.797
1780257374225,0.003,0.000,0.003,0.003,0.003,0.003,0.619,0.747,1.381,0.000,0.496,2.067,2.563
1780257374263,0.003,0.000,0.000,0.003,0.000,0.003,0.178,0.207,0.394,0.000,0.488,0.822,1.310
1780257374302,0.003,0.000,0.000,0.000,0.000,0.000,0.102,0.105,0.210,0.000,0.496,0.390,0.886
1780257374364,0.000,0.003,0.000,0.003,0.003,0.007,0.091,0.105,0.212,0.000,0.488,0.227,0.715
1780257374439,0.000,0.003,0.000,0.003,0.000,0.003,0.131,0.142,0.282,0.000,0.480,0.219,0.699
1780257374497,3.506,4.443,4.224,4.093,0.000,0.003,0.867,0.980,18.116,0.000,10.004,0.797,10.801
1780257374554,1.804,1.640,1.877,2.343,0.000,0.007,2.649,2.941,13.261,0.000,4.078,2.621,6.699
1780257374607,0.189,0.284,0.317,0.225,0.000,0.003,2.354,2.544,5.916,0.000,1.107,2.458,3.565
1780257374683,3.812,4.341,4.887,5.722,4.421,3.932,0.962,1.075,29.152,0.000,13.471,8.310,21.781
1780257374759,1.822,3.054,6.440,6.477,2.525,2.529,2.500,2.693,28.040,0.000,17.378,8.115,25.493
1780257374814,3.018,4.111,5.715,5.420,2.314,2.289,2.547,2.784,28.198,0.000,17.256,7.879,25.135
1780257374866,2.318,3.207,5.613,5.285,2.431,2.442,0.564,0.721,22.581,0.000,16.450,5.982,22.432
1780257374920,3.109,3.287,4.712,4.454,2.737,2.533,0.167,0.207,21.206,0.000,15.213,5.388,20.601
1780257374974,2.412,3.648,4.508,3.896,2.504,2.507,0.120,0.138,19.733,0.000,14.228,5.128,19.356
1780257375012,2.420,3.353,4.100,3.470,2.628,2.515,0.120,0.138,18.744,0.000,13.243,5.152,18.395
1780257375057,2.438,2.948,3.590,3.171,2.602,2.405,0.342,0.404,17.900,0.000,12.055,5.136,17.191
1780257375099,2.347,2.803,3.546,3.021,2.529,2.467,0.200,0.233,17.146,0.000,11.672,5.160,16.832
1780257375151,2.529,2.467,2.996,2.584,3